Name,Lat,Lon,Capacity,County_Name,State_Abbrev,County_FIPS,State_FIPS,Pop_2000,Land_area_in_square_miles,Persons_per_square_mile,Pop_2010
699953,45.839,-95.265,1,Douglas,MN,27041,27,32821,634.322,51.7,36009
699548,46.147,-105.224,1,Custer,MT,30017,30,11696,3783.126,3.1,11699
699505,46.301,-97.38,1,Ransom,ND,38073,38,5890,862.747,6.8,5457
699432,43.503,-95.201,1,Jackson,MN,27063,27,11268,701.692,16.1,10266
699344,47.704,-92.39,1,Saint Louis,MN,27137,27,200528,6225.164,32.2,200226
699223,46.25,-96.68,1,Richland,ND,38077,38,17998,1436.712,12.5,16321
699098,46.381,-98.454,1,Lamoure,ND,38045,38,4701,1147.177,4.1,4139
698983,47.877,-93.254,1,Itasca,MN,27061,27,43992,2665.058,16.5,45058
698577,45.203,-92.794,1,Washington,MN,27163,27,201130,391.704,513.4,238136
698572,45.627,-93.2,1,Isanti,MN,27059,27,31287,439.068,71.3,37816
698499,44.726,-95.119,1,Renville,MN,27129,27,17154,982.92,17.5,15730
698435,46.844,-92.177,1,Saint Louis,MN,27137,27,200528,6225.164,32.2,200226
698383,47.782,-100.849,1,Mclean,ND,38055,38,9311,2109.955,4.4,8962
697774,46.595,-97.293,1,Ransom,ND,38073,38,5890,862.747,6.8,5457
697747,43.648,-96.712,1,Minnehaha,SD,46099,46,148281,809.673,183.1,169468
697701,44.656,-95.545,1,Yellow Medicine,MN,27173,27,11080,757.955,14.6,10438
697689,44.818,-93.599,1,Carver,MN,27019,27,70205,357.042,196.6,91042
697675,46.219,-97.863,1,Sargent,ND,38081,38,4366,858.754,5.1,3829
697545,44.47,-92.71,1,Goodhue,MN,27049,27,44127,758.27,58.2,46183
697352,44.791,-93.846,1,Carver,MN,27019,27,70205,357.042,196.6,91042
697140,44.74,-93.828,1,Carver,MN,27019,27,70205,357.042,196.6,91042
697047,46.608,-92.586,1,Carlton,MN,27017,27,31671,860.33,36.8,35386
696443,45.866,-96.828,1,Roberts,SD,46109,46,10016,1101.277,9.1,10149
696377,44.839,-93.79,1,Carver,MN,27019,27,70205,357.042,196.6,91042
696321,44.737,-95.225,1,Renville,MN,27129,27,17154,982.92,17.5,15730
696083,46.399,-98.457,1,Lamoure,ND,38045,38,4701,1147.177,4.1,4139
696060,45.21,-96.459,1,Grant,SD,46051,46,7847,682.513,11.5,7356
696042,44.116,-95.832,1,Murray,MN,27101,27,9165,704.43,13,8725
696016,44.665,-92.875,1,Dakota,MN,27037,27,355904,569.582,624.8,398552
695990,45.279,-92.616,1,Polk,WI,55095,55,41319,917.272,45,44205
695800,44.377,-93.22,1,Rice,MN,27131,27,56665,497.569,113.9,64142
695514,46.237,-100.511,1,Emmons,ND,38029,38,4331,1509.883,2.9,3550
695223,46.74,-94.551,1,Cass,MN,27021,27,27150,2017.596,13.5,28567
695192,46.107,-100.544,1,Emmons,ND,38029,38,4331,1509.883,2.9,3550
694999,45.832,-93.68,1,Mille Lacs,MN,27095,27,22330,574.466,38.9,26097
694092,43.67,-96.177,1,Rock,MN,27133,27,9721,482.609,20.1,9687
694066,45.645,-95.158,1,Pope,MN,27121,27,11236,670.136,16.8,10995
693897,47.78,-96.826,1,Polk,MN,27119,27,31369,1970.371,15.9,31600
693639,44.686,-93.276,1,Dakota,MN,27037,27,355904,569.582,624.8,398552
693441,45.802,-93.716,1,Mille Lacs,MN,27095,27,22330,574.466,38.9,26097
692789,44.356,-95.773,1,Lyon,MN,27083,27,25425,714.174,35.6,25857
692633,48.197,-93.602,1,Koochiching,MN,27071,27,14355,3102.359,4.6,13311
692508,45.607,-94.834,1,Stearns,MN,27145,27,133166,1344.517,99,150642
692496,48.338,-97.518,1,Walsh,ND,38099,38,12389,1281.742,9.7,11119
692444,44.305,-93.832,1,Le Sueur,MN,27079,27,25426,448.499,56.7,27703
692330,45.189,-91.301,1,Chippewa,WI,55017,55,55195,1010.434,54.6,62415
692289,47.808,-92.736,1,Saint Louis,MN,27137,27,200528,6225.164,32.2,200226
692219,46.537,-104.515,1,Fallon,MT,30025,30,2837,1620.33,1.8,2890
691664,46.347,-95.807,1,Otter Tail,MN,27111,27,57159,1979.709,28.9,57303
691624,44.633,-93.866,1,Sibley,MN,27143,27,15356,588.649,26.1,15226
691573,46.778,-96.527,1,Clay,MN,27027,27,51229,1045.243,49,58999
691541,44.824,-92.639,1,Pierce,WI,55093,55,36804,576.486,63.8,41019
691530,44.396,-93.582,1,Le Sueur,MN,27079,27,25426,448.499,56.7,27703
691490,46.302,-95.246,1,Otter Tail,MN,27111,27,57159,1979.709,28.9,57303
691237,47.418,-101.228,1,Mclean,ND,38055,38,9311,2109.955,4.4,8962
691183,44.86,-94.711,1,Renville,MN,27129,27,17154,982.92,17.5,15730
691015,48.275,-93.754,1,Koochiching,MN,27071,27,14355,3102.359,4.6,13311
690863,46.414,-100.357,1,Emmons,ND,38029,38,4331,1509.883,2.9,3550
690787,44.742,-93.656,1,Carver,MN,27019,27,70205,357.042,196.6,91042
690671,45.897,-91.827,1,Washburn,WI,55129,55,16036,809.683,19.8,15911
689907,45.261,-94.171,1,Wright,MN,27171,27,89986,660.754,136.2,124700
689899,44.304,-95.503,1,Redwood,MN,27127,27,16815,879.726,19.1,16059
689740,46.785,-95.892,1,Becker,MN,27005,27,30000,1310.419,22.9,32504
689737,46.329,-95.833,1,Otter Tail,MN,27111,27,57159,1979.709,28.9,57303
689726,45.363,-93.722,1,Sherburne,MN,27141,27,64417,436.301,147.6,88499
689700,44.149,-100.25,1,Lyman,SD,46085,46,3895,1639.959,2.4,3755
689116,48.137,-95.642,1,Pennington,MN,27113,27,13584,616.541,22,13930
689026,43.412,-99.194,1,Gregory,SD,46053,46,4792,1015.935,4.7,4271
688919,44.867,-97.577,1,Clark,SD,46025,46,4143,957.924,4.3,3691
688754,46.471,-95.607,1,Otter Tail,MN,27111,27,57159,1979.709,28.9,57303
688372,46.816,-97.781,1,Barnes,ND,38003,38,11775,1491.647,7.9,11066
688058,47.82,-94.812,1,Beltrami,MN,27007,27,39650,2505.271,15.8,44442
687882,44.887,-91.634,1,Chippewa,WI,55017,55,55195,1010.434,54.6,62415
687779,46.129,-97.504,1,Sargent,ND,38081,38,4366,858.754,5.1,3829
686990,46.243,-95.614,1,Otter Tail,MN,27111,27,57159,1979.709,28.9,57303
686784,44.832,-93.378,1,Hennepin,MN,27053,27,1116200,556.617,2005.2,1152425
686756,45.131,-93.827,1,Wright,MN,27171,27,89986,660.754,136.2,124700
686566,45.833,-93.453,1,Kanabec,MN,27065,27,14996,524.931,28.6,16239
686468,48.672,-96.682,1,Kittson,MN,27069,27,5285,1097.078,4.8,4552
686083,47.173,-101.304,1,Oliver,ND,38065,38,2065,723.522,2.9,1846
686069,46.128,-95.327,1,Otter Tail,MN,27111,27,57159,1979.709,28.9,57303
685932,43.658,-95.236,1,Jackson,MN,27063,27,11268,701.692,16.1,10266
685714,44.298,-93.34,1,Rice,MN,27131,27,56665,497.569,113.9,64142
685626,47.845,-101.153,1,Mclean,ND,38055,38,9311,2109.955,4.4,8962
685349,47.67,-97.686,1,Steele,ND,38091,38,2258,712.361,3.2,1975
685186,44.344,-96.743,1,Brookings,SD,46011,46,28220,794.458,35.5,31965
684942,47.766,-101.689,1,Mclean,ND,38055,38,9311,2109.955,4.4,8962
684518,46.71,-96.338,1,Clay,MN,27027,27,51229,1045.243,49,58999
684475,46.153,-98.205,1,Dickey,ND,38021,38,5757,1131,5.1,5289
684305,46.552,-100.251,1,Emmons,ND,38029,38,4331,1509.883,2.9,3550
684246,43.124,-96.34,1,Sioux,IA,19167,19,31589,767.883,41.1,33704
684157,45.599,-93.174,1,Isanti,MN,27059,27,31287,439.068,71.3,37816
683813,46.334,-92.286,1,Douglas,WI,55031,55,43287,1309.134,33.1,44159
682990,47.879,-93.474,1,Itasca,MN,27061,27,43992,2665.058,16.5,45058
682920,46.469,-96.802,1,Richland,ND,38077,38,17998,1436.712,12.5,16321
682750,45.86,-93.605,1,Mille Lacs,MN,27095,27,22330,574.466,38.9,26097
682714,45.422,-93.316,1,Isanti,MN,27059,27,31287,439.068,71.3,37816
680817,48.375,-93.372,1,Koochiching,MN,27071,27,14355,3102.359,4.6,13311
680498,44.201,-93.105,1,Rice,MN,27131,27,56665,497.569,113.9,64142
680134,47.891,-96.598,1,Polk,MN,27119,27,31369,1970.371,15.9,31600
679930,45.26,-93.246,1,Anoka,MN,27003,27,298084,423.606,703.6,330844
679900,46.143,-102.385,1,Adams,ND,38001,38,2593,987.913,2.6,2343
679562,46.693,-100.14,1,Burleigh,ND,38015,38,69416,1633.089,42.5,81308
679560,46.477,-96.437,1,Wilkin,MN,27167,27,7138,751.431,9.5,6576
679526,46.775,-92.402,1,Saint Louis,MN,27137,27,200528,6225.164,32.2,200226
679395,43.365,-95.647,1,Osceola,IA,19143,19,7003,398.773,17.6,6462
679332,46.776,-100.432,1,Burleigh,ND,38015,38,69416,1633.089,42.5,81308
679198,48.689,-101.428,1,Bottineau,ND,38009,38,7149,1668.586,4.3,6429
679161,43.454,-94.36,1,Kossuth,IA,19109,19,17163,973.006,17.6,15543
679064,47.868,-93.684,1,Itasca,MN,27061,27,43992,2665.058,16.5,45058
678778,43.839,-94.752,1,Martin,MN,27091,27,21802,709.345,30.7,20840
678409,47.305,-94.574,1,Cass,MN,27021,27,27150,2017.596,13.5,28567
677983,46.774,-100.596,1,Burleigh,ND,38015,38,69416,1633.089,42.5,81308
677803,44.278,-93.767,1,Le Sueur,MN,27079,27,25426,448.499,56.7,27703
677719,46.423,-96.245,1,Otter Tail,MN,27111,27,57159,1979.709,28.9,57303
677480,44.68,-93.388,1,Scott,MN,27139,27,89498,356.676,250.9,129928
677229,46.737,-100.276,1,Burleigh,ND,38015,38,69416,1633.089,42.5,81308
676934,44.886,-93.742,1,Carver,MN,27019,27,70205,357.042,196.6,91042
676659,44.422,-95.874,1,Lyon,MN,27083,27,25425,714.174,35.6,25857
676580,44.171,-94.154,1,Blue Earth,MN,27013,27,55941,752.358,74.4,64013
676452,45.671,-93.132,1,Chisago,MN,27025,27,41101,417.631,98.4,53887
676267,46.438,-95.493,1,Otter Tail,MN,27111,27,57159,1979.709,28.9,57303
675645,44.671,-97.279,1,Hamlin,SD,46057,46,5540,506.864,10.9,5903
675539,46.122,-102.615,1,Adams,ND,38001,38,2593,987.913,2.6,2343
675524,44.561,-93.292,1,Scott,MN,27139,27,89498,356.676,250.9,129928
675156,43.527,-96.858,1,Minnehaha,SD,46099,46,148281,809.673,183.1,169468
674863,48.208,-100.211,1,Pierce,ND,38069,38,4675,1017.818,4.6,4357
674792,44.408,-94.552,1,Nicollet,MN,27103,27,29771,452.293,65.8,32727
674633,46.206,-101.142,1,Sioux,ND,38085,38,4044,1094.12,3.7,4153
674563,48.475,-100.356,1,Mchenry,ND,38049,38,5987,1874.091,3.2,5395
674364,45.719,-92.631,1,Burnett,WI,55013,55,15674,821.521,19.1,15457
674151,47.132,-104.729,1,Dawson,MT,30021,30,9059,2373.138,3.8,8966
674128,44.818,-93.454,1,Hennepin,MN,27053,27,1116200,556.617,2005.2,1152425
673912,44.578,-93.798,1,Scott,MN,27139,27,89498,356.676,250.9,129928
673729,47.672,-102.741,1,Dunn,ND,38025,38,3600,2009.599,1.8,3536
673622,46.598,-94.852,1,Wadena,MN,27159,27,13713,535.017,25.6,13843
673618,43.201,-96.441,1,Sioux,IA,19167,19,31589,767.883,41.1,33704
673435,46.199,-100.685,1,Sioux,ND,38085,38,4044,1094.12,3.7,4153
673133,44.796,-92.558,1,Pierce,WI,55093,55,36804,576.486,63.8,41019
672920,46.449,-96.24,1,Otter Tail,MN,27111,27,57159,1979.709,28.9,57303
672751,46.761,-101.389,1,Morton,ND,38059,38,25303,1926.268,13.1,27471
672715,48.498,-95.567,1,Beltrami,MN,27007,27,39650,2505.271,15.8,44442
672277,43.247,-95.191,1,Clay,IA,19041,19,17372,568.887,30.5,16667
672205,46.537,-95.77,1,Otter Tail,MN,27111,27,57159,1979.709,28.9,57303
672020,44.217,-93.411,1,Rice,MN,27131,27,56665,497.569,113.9,64142
671934,45.26,-100.835,1,Dewey,SD,46041,46,5972,2302.643,2.6,5301
671847,43.479,-95.165,1,Dickinson,IA,19059,19,16424,381.059,43.1,16667
671567,46.585,-103.899,1,Golden Valley,ND,38033,38,1924,1001.99,1.9,1680
671453,44.798,-96.565,1,Deuel,SD,46039,46,4498,623.55,7.2,4364
671435,46.136,-92.272,1,Burnett,WI,55013,55,15674,821.521,19.1,15457
671084,44.705,-95.742,1,Yellow Medicine,MN,27173,27,11080,757.955,14.6,10438
670844,48.457,-95.436,1,Beltrami,MN,27007,27,39650,2505.271,15.8,44442
670782,43.775,-94.496,1,Martin,MN,27091,27,21802,709.345,30.7,20840
670749,46.296,-96.194,1,Otter Tail,MN,27111,27,57159,1979.709,28.9,57303
670704,45.196,-100.735,1,Dewey,SD,46041,46,5972,2302.643,2.6,5301
670520,43.414,-94.37,1,Kossuth,IA,19109,19,17163,973.006,17.6,15543
670384,45.679,-94.123,1,Benton,MN,27009,27,34226,408.276,83.8,38451
670340,44.15,-97.878,1,Sanborn,SD,46111,46,2675,569.012,4.7,2355
670271,46.831,-96.878,1,Cass,ND,38017,38,123138,1765.229,69.8,149778
670048,46.631,-92.871,1,Carlton,MN,27017,27,31671,860.33,36.8,35386
669341,45.288,-92.639,1,Polk,WI,55095,55,41319,917.272,45,44205
669112,45.415,-93.302,1,Isanti,MN,27059,27,31287,439.068,71.3,37816
668991,48.27,-102.314,1,Mountrail,ND,38061,38,6631,1823.933,3.6,7673
668842,47.16,-92.877,1,Saint Louis,MN,27137,27,200528,6225.164,32.2,200226
668714,45.351,-92.756,1,Chisago,MN,27025,27,41101,417.631,98.4,53887
668039,45.103,-94.648,1,Meeker,MN,27093,27,22644,608.541,37.2,23300
667591,43.153,-96.692,1,Lincoln,SD,46083,46,24131,578.088,41.7,44828
667547,45.544,-95.29,1,Pope,MN,27121,27,11236,670.136,16.8,10995
666990,48.278,-97.323,1,Walsh,ND,38099,38,12389,1281.742,9.7,11119
666721,46.604,-99.852,1,Logan,ND,38047,38,2308,992.641,2.3,1990
666668,46.246,-92.418,1,Pine,MN,27115,27,26530,1411.043,18.8,29750
666667,45.508,-95.262,1,Pope,MN,27121,27,11236,670.136,16.8,10995
666477,46.445,-98.343,1,Lamoure,ND,38045,38,4701,1147.177,4.1,4139
666434,48.388,-105.273,1,Roosevelt,MT,30085,30,10620,2355.602,4.5,10425
666284,45.298,-91.719,1,Barron,WI,55005,55,44963,862.844,52.1,45870
666257,46.583,-92.381,1,Carlton,MN,27017,27,31671,860.33,36.8,35386
666128,48.207,-99.208,1,Benson,ND,38005,38,6964,1380.599,5,6660
666002,47.151,-93.317,1,Itasca,MN,27061,27,43992,2665.058,16.5,45058
665916,42.268,-96.349,1,Thurston,NE,31173,31,7171,393.812,18.2,6940
665562,44.517,-94.657,1,Renville,MN,27129,27,17154,982.92,17.5,15730
665365,46.766,-102.392,1,Stark,ND,38089,38,22636,1338.162,16.9,24199
665181,45.874,-93.706,1,Mille Lacs,MN,27095,27,22330,574.466,38.9,26097
665174,45.889,-93.587,1,Mille Lacs,MN,27095,27,22330,574.466,38.9,26097
664986,46.898,-100.18,1,Burleigh,ND,38015,38,69416,1633.089,42.5,81308
664510,44.729,-100.377,1,Sully,SD,46119,46,1556,1006.899,1.5,1373
663845,47.79,-98.274,1,Nelson,ND,38063,38,3715,981.621,3.8,3126
663512,44.403,-93.357,1,Rice,MN,27131,27,56665,497.569,113.9,64142
663352,45.279,-94.34,1,Meeker,MN,27093,27,22644,608.541,37.2,23300
662978,44.752,-100.388,1,Sully,SD,46119,46,1556,1006.899,1.5,1373
662961,46.161,-100.713,1,Sioux,ND,38085,38,4044,1094.12,3.7,4153
662252,46.64,-100.661,1,Burleigh,ND,38015,38,69416,1633.089,42.5,81308
661743,42.853,-96.61,1,Union,SD,46127,46,12584,460.376,27.3,14399
661643,48.876,-98.72,1,Cavalier,ND,38019,38,4831,1488.459,3.2,3993
661595,48.544,-98.747,1,Cavalier,ND,38019,38,4831,1488.459,3.2,3993
661316,45.632,-95.3,1,Pope,MN,27121,27,11236,670.136,16.8,10995
661292,43.253,-96.363,1,Sioux,IA,19167,19,31589,767.883,41.1,33704
661070,47.497,-93.132,1,Itasca,MN,27061,27,43992,2665.058,16.5,45058
661066,48.853,-102.119,1,Burke,ND,38013,38,2242,1103.529,2,1968
660505,48.602,-105.889,1,Daniels,MT,30019,30,2017,1426.086,1.4,1751
660449,46.898,-104.368,1,Wibaux,MT,30109,30,1068,889.313,1.2,1017
660253,44.448,-93.362,1,Rice,MN,27131,27,56665,497.569,113.9,64142
659864,44.74,-97.106,1,Hamlin,SD,46057,46,5540,506.864,10.9,5903
659855,44.527,-93.675,1,Le Sueur,MN,27079,27,25426,448.499,56.7,27703
659613,46.505,-99.117,1,Logan,ND,38047,38,2308,992.641,2.3,1990
659336,47.152,-98.605,1,Stutsman,ND,38093,38,21908,2221.403,9.9,21100
659242,46.6,-92.502,1,Carlton,MN,27017,27,31671,860.33,36.8,35386
659178,45.863,-96.226,1,Grant,MN,27051,27,6289,546.405,11.5,6018
658461,46.648,-100.181,1,Burleigh,ND,38015,38,69416,1633.089,42.5,81308
658267,44.411,-93.352,1,Rice,MN,27131,27,56665,497.569,113.9,64142
657555,47.345,-94.553,1,Cass,MN,27021,27,27150,2017.596,13.5,28567
657132,47.653,-103.702,1,Mckenzie,ND,38053,38,5737,2742.018,2.1,6360
656613,46.857,-101.281,1,Morton,ND,38059,38,25303,1926.268,13.1,27471
655956,44.802,-93.844,1,Carver,MN,27019,27,70205,357.042,196.6,91042
655936,45.843,-94.505,1,Morrison,MN,27097,27,31712,1124.497,28.2,33198
655707,44.486,-95.57,1,Redwood,MN,27127,27,16815,879.726,19.1,16059
655700,46.196,-102.534,1,Adams,ND,38001,38,2593,987.913,2.6,2343
655641,44.127,-93.461,1,Waseca,MN,27161,27,19526,423.251,46.1,19136
655631,46.39,-100.58,1,Sioux,ND,38085,38,4044,1094.12,3.7,4153
655547,48.452,-93.782,1,Koochiching,MN,27071,27,14355,3102.359,4.6,13311
655544,45.673,-93.466,1,Isanti,MN,27059,27,31287,439.068,71.3,37816
655222,48.682,-98.329,1,Cavalier,ND,38019,38,4831,1488.459,3.2,3993
655022,46.63,-96.304,1,Wilkin,MN,27167,27,7138,751.431,9.5,6576
654851,46.498,-92.705,1,Carlton,MN,27017,27,31671,860.33,36.8,35386
654467,46.354,-98.335,1,Lamoure,ND,38045,38,4701,1147.177,4.1,4139
654439,48.183,-99.769,1,Benson,ND,38005,38,6964,1380.599,5,6660
654375,44.806,-93.848,1,Carver,MN,27019,27,70205,357.042,196.6,91042
654367,46.431,-92.713,1,Carlton,MN,27017,27,31671,860.33,36.8,35386
654056,46.514,-95.302,1,Otter Tail,MN,27111,27,57159,1979.709,28.9,57303
653332,44.299,-93.517,1,Rice,MN,27131,27,56665,497.569,113.9,64142
652868,48.645,-96.383,1,Roseau,MN,27135,27,16338,1662.514,9.8,15629
652846,43.264,-99.802,1,Tripp,SD,46123,46,6430,1613.52,4,5644
652837,42.634,-96.605,1,Union,SD,46127,46,12584,460.376,27.3,14399
652828,46.681,-92.285,1,Saint Louis,MN,27137,27,200528,6225.164,32.2,200226
652810,47.858,-92.427,1,Saint Louis,MN,27137,27,200528,6225.164,32.2,200226
652783,44.123,-96.21,1,Pipestone,MN,27117,27,9895,465.886,21.2,9596
652657,45.212,-92.324,1,Polk,WI,55095,55,41319,917.272,45,44205
652449,44.507,-92.86,1,Goodhue,MN,27049,27,44127,758.27,58.2,46183
651977,45.166,-93.539,1,Hennepin,MN,27053,27,1116200,556.617,2005.2,1152425
651855,45.56,-93.643,1,Mille Lacs,MN,27095,27,22330,574.466,38.9,26097
651822,45.718,-90.835,1,Sawyer,WI,55113,55,16196,1256.418,12.9,16557
651756,44.275,-94.858,1,Brown,MN,27015,27,26911,610.864,44.1,25893
651617,45.321,-92.622,1,Polk,WI,55095,55,41319,917.272,45,44205
651556,47.495,-93.846,1,Itasca,MN,27061,27,43992,2665.058,16.5,45058
650948,44.751,-93.695,1,Carver,MN,27019,27,70205,357.042,196.6,91042
650392,45.664,-94.711,1,Stearns,MN,27145,27,133166,1344.517,99,150642
650201,44.429,-93.578,1,Le Sueur,MN,27079,27,25426,448.499,56.7,27703
650128,46.561,-96.291,1,Wilkin,MN,27167,27,7138,751.431,9.5,6576
599908,41.227,-93.266,1,Marion,IA,19125,19,32052,554.214,57.8,33309
599154,44.395,-87.877,1,Brown,WI,55009,55,226778,528.675,428.9,248007
599093,43.86,-92.294,1,Olmsted,MN,27109,27,124277,653.01,190.3,144248
599036,43.864,-89.454,1,Marquette,WI,55077,55,15832,455.486,34.8,15404
599035,44.793,-90.723,1,Clark,WI,55019,55,33557,1215.635,27.6,34690
598684,43.529,-86.258,1,Oceana,MI,26127,26,26873,540.458,49.7,26570
598321,44.499,-87.528,1,Kewaunee,WI,55061,55,20187,342.639,58.9,20574
597206,45.355,-87.602,1,Menominee,MI,26109,26,25326,1043.521,24.3,24029
596772,42.621,-90.625,1,Grant,WI,55043,55,49597,1147.85,43.2,51208
596765,42.332,-93.613,1,Hamilton,IA,19079,19,16438,576.68,28.5,15673
596583,44.73,-88.177,1,Oconto,WI,55083,55,35634,997.967,35.7,37660
596425,42.466,-90.731,1,Dubuque,IA,19061,19,89143,608.156,146.6,93653
596130,43.552,-89.543,1,Columbia,WI,55021,55,52468,773.791,67.8,56833
595929,43.748,-88.261,1,Fond Du Lac,WI,55039,55,97296,722.906,134.6,101633
595833,44.173,-88.763,1,Winnebago,WI,55139,55,156763,438.584,357.4,166994
595706,43.35,-88.607,1,Dodge,WI,55027,55,85897,882.281,97.4,88759
595682,44.386,-89.345,1,Portage,WI,55097,55,67182,806.311,83.3,70019
595357,43.382,-89.361,1,Columbia,WI,55021,55,52468,773.791,67.8,56833
595321,44.781,-88.269,1,Shawano,WI,55115,55,40664,892.509,45.6,41949
595102,44.237,-88.255,1,Calumet,WI,55015,55,40631,319.839,127,48971
594868,43.756,-87.87,1,Sheboygan,WI,55117,55,112646,513.63,219.3,115507
594735,44.293,-85.772,1,Wexford,MI,26165,26,30484,565.493,53.9,32735
594553,43.602,-89.737,1,Columbia,WI,55021,55,52468,773.791,67.8,56833
594286,43.375,-89.588,1,Columbia,WI,55021,55,52468,773.791,67.8,56833
594256,43.473,-88.116,1,Washington,WI,55131,55,117493,430.816,272.7,131887
593584,42.374,-92.14,1,Black Hawk,IA,19013,19,128012,567.114,225.7,131090
593427,42.728,-94.197,1,Humboldt,IA,19091,19,10381,434.411,23.9,9815
593145,40.701,-92.808,1,Appanoose,IA,19007,19,13721,496.252,27.6,12887
592751,42.571,-88.329,1,Walworth,WI,55127,55,93759,555.313,168.8,102228
592746,42.635,-89.678,1,Green,WI,55045,55,33647,583.987,57.6,36842
592668,44.294,-85.345,1,Wexford,MI,26165,26,30484,565.493,53.9,32735
592534,44.821,-90.241,1,Marathon,WI,55073,55,125834,1544.962,81.4,134063
592499,43.25,-89.262,1,Dane,WI,55025,55,426526,1201.895,354.9,488073
592207,43.142,-89.596,1,Dane,WI,55025,55,426526,1201.895,354.9,488073
591899,43.166,-89.698,1,Dane,WI,55025,55,426526,1201.895,354.9,488073
590423,43.142,-90.641,1,Grant,WI,55043,55,49597,1147.85,43.2,51208
590303,43.7,-88.263,1,Fond Du Lac,WI,55039,55,97296,722.906,134.6,101633
590256,41.837,-91.271,1,Cedar,IA,19031,19,18187,579.522,31.4,18499
589474,44.605,-87.582,1,Kewaunee,WI,55061,55,20187,342.639,58.9,20574
589209,44.82,-89.182,1,Shawano,WI,55115,55,40664,892.509,45.6,41949
588800,42.738,-93.581,1,Wright,IA,19197,19,14334,580.723,24.7,13229
588395,41.323,-95.654,1,Pottawattamie,IA,19155,19,87704,954.262,91.9,93158
588373,41.613,-93.602,1,Polk,IA,19153,19,374601,569.346,657.9,430640
588063,43.505,-92.256,1,Fillmore,MN,27045,27,21122,861.252,24.5,20866
587713,44.805,-88.436,1,Shawano,WI,55115,55,40664,892.509,45.6,41949
587049,40.678,-95.69,1,Fremont,IA,19071,19,8010,511.08,15.7,7441
586987,42.447,-87.897,1,Lake,IL,17097,17,644356,447.564,1439.6,703462
586597,42.65,-89.29,1,Rock,WI,55105,55,152307,720.468,211.4,160331
586550,43.699,-92.304,1,Fillmore,MN,27045,27,21122,861.252,24.5,20866
586456,43.151,-91.817,1,Winneshiek,IA,19191,19,21310,689.609,30.9,21056
586217,44.47,-88.589,1,Outagamie,WI,55087,55,160971,640.341,251.4,176695
585771,42.325,-90.625,1,Jackson,IA,19097,19,20296,636.089,31.9,19848
584929,41.408,-93.31,1,Marion,IA,19125,19,32052,554.214,57.8,33309
584807,42.703,-89.857,1,Lafayette,WI,55065,55,16137,633.568,25.5,16836
584202,44.271,-88.203,1,Outagamie,WI,55087,55,160971,640.341,251.4,176695
584028,42.396,-90.277,1,Jo Daviess,IL,17085,17,22289,601.08,37.1,22678
583622,43.681,-89.597,1,Marquette,WI,55077,55,15832,455.486,34.8,15404
583587,43.243,-93.285,1,Cerro Gordo,IA,19033,19,46447,568.326,81.7,44151
583302,44.546,-88.194,1,Outagamie,WI,55087,55,160971,640.341,251.4,176695
583101,43.474,-88.102,1,Washington,WI,55131,55,117493,430.816,272.7,131887
582819,43.458,-89.822,1,Sauk,WI,55111,55,55225,837.63,65.9,61976
582806,41.538,-91.323,1,Muscatine,IA,19139,19,41722,438.669,95.1,42745
582483,43.583,-88.223,1,Fond Du Lac,WI,55039,55,97296,722.906,134.6,101633
582155,43.362,-89.112,1,Columbia,WI,55021,55,52468,773.791,67.8,56833
581883,41.683,-93.699,1,Polk,IA,19153,19,374601,569.346,657.9,430640
581858,43.736,-88.582,1,Fond Du Lac,WI,55039,55,97296,722.906,134.6,101633
581781,43.413,-88.802,1,Dodge,WI,55027,55,85897,882.281,97.4,88759
581622,44.256,-88.26,1,Outagamie,WI,55087,55,160971,640.341,251.4,176695
581445,44.809,-85.783,1,Leelanau,MI,26089,26,21119,348.469,60.6,21708
581366,43.402,-94.877,1,Emmet,IA,19063,19,11027,395.743,27.9,10302
581180,43.659,-89.738,1,Adams,WI,55001,55,18643,647.739,28.8,20875
580696,44.726,-89.44,1,Marathon,WI,55073,55,125834,1544.962,81.4,134063
580645,42.49,-89.699,1,Stephenson,IL,17177,17,48979,564.184,86.8,47711
580586,43.749,-89.503,1,Marquette,WI,55077,55,15832,455.486,34.8,15404
580513,43.158,-89.816,1,Dane,WI,55025,55,426526,1201.895,354.9,488073
579828,44.683,-88.804,1,Shawano,WI,55115,55,40664,892.509,45.6,41949
579827,43.407,-88.167,1,Washington,WI,55131,55,117493,430.816,272.7,131887
579757,46.423,-87.289,1,Marquette,MI,26103,26,64634,1821.051,35.5,67077
579137,43.6,-89.3,1,Columbia,WI,55021,55,52468,773.791,67.8,56833
578872,44.584,-89.312,1,Portage,WI,55097,55,67182,806.311,83.3,70019
578805,41.488,-93.66,1,Warren,IA,19181,19,40671,571.644,71.1,46225
578717,46.276,-87.296,1,Marquette,MI,26103,26,64634,1821.051,35.5,67077
578479,43.146,-88.798,1,Jefferson,WI,55055,55,74021,557.014,132.9,83686
578471,42.381,-88.516,1,Mchenry,IL,17111,17,260077,603.508,430.9,308760
578295,42.241,-91.803,1,Linn,IA,19113,19,191701,717.442,267.2,211226
578199,40.288,-95.353,1,Atchison,MO,29005,29,6430,544.718,11.8,5685
577845,42.223,-96.119,1,Woodbury,IA,19193,19,103877,872.594,119,102172
577643,43.869,-89.838,1,Adams,WI,55001,55,18643,647.739,28.8,20875
577512,44.696,-92.222,1,Pierce,WI,55093,55,36804,576.486,63.8,41019
577143,43.589,-88.88,1,Dodge,WI,55027,55,85897,882.281,97.4,88759
577102,42.699,-88.369,1,Walworth,WI,55127,55,93759,555.313,168.8,102228
577094,43.773,-91.209,1,La Crosse,WI,55063,55,107120,452.741,236.6,114638
576908,44.521,-84.748,1,Crawford,MI,26039,26,14273,558.123,25.6,14074
576729,43.249,-90.716,1,Crawford,WI,55023,55,17243,572.691,30.1,16644
576294,44.451,-85.636,1,Wexford,MI,26165,26,30484,565.493,53.9,32735
576045,44.797,-89.707,1,Marathon,WI,55073,55,125834,1544.962,81.4,134063
575865,44.618,-92.817,1,Dakota,MN,27037,27,355904,569.582,624.8,398552
575545,41.143,-91.63,1,Henry,IA,19087,19,20336,434.437,46.8,20145
575477,41.898,-93.716,1,Boone,IA,19015,19,26224,571.46,45.9,26306
575050,43.628,-89.888,1,Sauk,WI,55111,55,55225,837.63,65.9,61976
574973,43.709,-89.336,1,Marquette,WI,55077,55,15832,455.486,34.8,15404
574271,41.48,-93.565,1,Warren,IA,19181,19,40671,571.644,71.1,46225
574076,44.179,-91.452,1,Trempealeau,WI,55121,55,27010,734.083,36.8,28816
574029,44.277,-88.232,1,Outagamie,WI,55087,55,160971,640.341,251.4,176695
574007,42.141,-88.147,1,Cook,IL,17031,17,5376741,945.68,5685.2,5194675
573889,43.833,-90.502,1,Monroe,WI,55081,55,40899,900.767,45.4,44673
573853,43.322,-88.124,1,Washington,WI,55131,55,117493,430.816,272.7,131887
572442,44.17,-88.393,1,Calumet,WI,55015,55,40631,319.839,127,48971
572248,41.898,-95.706,1,Monona,IA,19133,19,10020,693.116,14.5,9243
572189,41.2,-91.525,1,Washington,IA,19183,19,20670,568.713,36.3,21704
572119,41.337,-90.817,1,Rock Island,IL,17161,17,149374,426.751,350,147546
571920,43.519,-89.113,1,Columbia,WI,55021,55,52468,773.791,67.8,56833
571831,42.825,-91.523,1,Clayton,IA,19043,19,18678,778.807,24,18129
571770,44.807,-84.259,1,Oscoda,MI,26135,26,9418,565.002,16.7,8640
571694,43.633,-88.714,1,Dodge,WI,55027,55,85897,882.281,97.4,88759
571661,41.508,-93.278,1,Marion,IA,19125,19,32052,554.214,57.8,33309
571613,44.265,-89.46,1,Portage,WI,55097,55,67182,806.311,83.3,70019
571606,44.319,-92.7,1,Goodhue,MN,27049,27,44127,758.27,58.2,46183
570707,44.875,-89.679,1,Marathon,WI,55073,55,125834,1544.962,81.4,134063
570505,43.699,-88.794,1,Fond Du Lac,WI,55039,55,97296,722.906,134.6,101633
569785,41.149,-91.387,1,Henry,IA,19087,19,20336,434.437,46.8,20145
569760,43.208,-91.481,1,Allamakee,IA,19005,19,14675,639.564,22.9,14330
569526,43.629,-88.729,1,Dodge,WI,55027,55,85897,882.281,97.4,88759
569483,42.519,-88.491,1,Walworth,WI,55127,55,93759,555.313,168.8,102228
569440,42.333,-90.493,1,Jackson,IA,19097,19,20296,636.089,31.9,19848
568277,41.2,-90.422,1,Henry,IL,17073,17,51020,823.212,62,50486
568231,45.521,-87.342,1,Menominee,MI,26109,26,25326,1043.521,24.3,24029
568180,43.895,-88.297,1,Fond Du Lac,WI,55039,55,97296,722.906,134.6,101633
568034,42.6,-89.568,1,Green,WI,55045,55,33647,583.987,57.6,36842
567462,42.761,-88.241,1,Racine,WI,55101,55,188831,333.097,566.9,195408
567438,41.84,-90.54,1,Clinton,IA,19045,19,50149,694.98,72.2,49116
567119,45.288,-87.841,1,Marinette,WI,55075,55,43384,1401.757,30.9,41749
567100,43.758,-94.466,1,Martin,MN,27091,27,21802,709.345,30.7,20840
566768,44.296,-88.634,1,Outagamie,WI,55087,55,160971,640.341,251.4,176695
566689,43.456,-92.772,1,Mitchell,IA,19131,19,10874,468.922,23.2,10776
566630,43.234,-89.723,1,Dane,WI,55025,55,426526,1201.895,354.9,488073
566380,43.691,-89.624,1,Adams,WI,55001,55,18643,647.739,28.8,20875
566260,44.305,-88.699,1,Outagamie,WI,55087,55,160971,640.341,251.4,176695
566169,44.684,-92.653,1,Pierce,WI,55093,55,36804,576.486,63.8,41019
566151,41.39,-91.849,1,Washington,IA,19183,19,20670,568.713,36.3,21704
566123,43.271,-89.689,1,Dane,WI,55025,55,426526,1201.895,354.9,488073
565884,45.371,-88.835,1,Langlade,WI,55067,55,20740,872.672,23.8,19977
565740,42.882,-88.372,1,Waukesha,WI,55133,55,360767,555.575,649.3,389891
565691,44.683,-88.293,1,Shawano,WI,55115,55,40664,892.509,45.6,41949
565435,41.872,-93.53,1,Story,IA,19169,19,79981,572.86,139.6,89542
565393,41.308,-91.483,1,Louisa,IA,19115,19,12183,401.917,30.3,11387
565184,44.262,-89.306,1,Portage,WI,55097,55,67182,806.311,83.3,70019
565061,43.614,-90.385,1,Vernon,WI,55123,55,28056,794.872,35.3,29773
564471,44.84,-88.748,1,Shawano,WI,55115,55,40664,892.509,45.6,41949
564184,42.557,-90.571,1,Grant,WI,55043,55,49597,1147.85,43.2,51208
563886,44.236,-89.653,1,Adams,WI,55001,55,18643,647.739,28.8,20875
562983,42.517,-89.511,1,Green,WI,55045,55,33647,583.987,57.6,36842
562682,42.571,-89.648,1,Green,WI,55045,55,33647,583.987,57.6,36842
562630,41.765,-95.837,1,Harrison,IA,19085,19,15666,696.723,22.5,14928
562415,46.372,-86.449,1,Alger,MI,26003,26,9862,917.83,10.7,9601
562210,43.434,-89.842,1,Sauk,WI,55111,55,55225,837.63,65.9,61976
561898,44.469,-88.676,1,Outagamie,WI,55087,55,160971,640.341,251.4,176695
561822,41.475,-91.561,1,Washington,IA,19183,19,20670,568.713,36.3,21704
561809,42.646,-94.288,1,Humboldt,IA,19091,19,10381,434.411,23.9,9815
561795,43.162,-89.596,1,Dane,WI,55025,55,426526,1201.895,354.9,488073
561595,44.455,-89.345,1,Portage,WI,55097,55,67182,806.311,83.3,70019
561255,43.889,-89.382,1,Marquette,WI,55077,55,15832,455.486,34.8,15404
560900,44.166,-88.332,1,Calumet,WI,55015,55,40631,319.839,127,48971
560772,43.105,-89.314,1,Dane,WI,55025,55,426526,1201.895,354.9,488073
560682,44.615,-87.726,1,Kewaunee,WI,55061,55,20187,342.639,58.9,20574
560672,43.519,-89.387,1,Columbia,WI,55021,55,52468,773.791,67.8,56833
560615,41.394,-94.304,1,Adair,IA,19001,19,8243,569.302,14.5,7682
560509,43.286,-88.356,1,Washington,WI,55131,55,117493,430.816,272.7,131887
560178,43.117,-91.36,1,Allamakee,IA,19005,19,14675,639.564,22.9,14330
559896,41.126,-90.308,1,Knox,IL,17095,17,55836,716.281,77.9,52919
559806,43.143,-89.819,1,Dane,WI,55025,55,426526,1201.895,354.9,488073
559517,44.398,-88.508,1,Outagamie,WI,55087,55,160971,640.341,251.4,176695
559390,43.83,-88.828,1,Fond Du Lac,WI,55039,55,97296,722.906,134.6,101633
559237,43.348,-88.726,1,Dodge,WI,55027,55,85897,882.281,97.4,88759
559223,43.52,-92.626,1,Mower,MN,27099,27,38603,711.498,54.3,39163
558757,43.618,-92.723,1,Mower,MN,27099,27,38603,711.498,54.3,39163
558117,42.415,-96.654,1,Dakota,NE,31043,31,20253,263.796,76.8,21006
558040,42.871,-88.391,1,Waukesha,WI,55133,55,360767,555.575,649.3,389891
557900,41.789,-90.769,1,Clinton,IA,19045,19,50149,694.98,72.2,49116
557700,43.536,-89.483,1,Columbia,WI,55021,55,52468,773.791,67.8,56833
557618,44.561,-87.759,1,Kewaunee,WI,55061,55,20187,342.639,58.9,20574
557346,43.314,-89.832,1,Sauk,WI,55111,55,55225,837.63,65.9,61976
556951,44.233,-89.558,1,Waushara,WI,55137,55,23154,626.034,37,24496
556893,43.645,-89.173,1,Green Lake,WI,55047,55,19105,354.282,53.9,19051
556702,43.267,-89.301,1,Dane,WI,55025,55,426526,1201.895,354.9,488073
556649,43.597,-89.597,1,Columbia,WI,55021,55,52468,773.791,67.8,56833
556382,42.512,-91.227,1,Delaware,IA,19055,19,18404,577.854,31.8,17764
556351,43.119,-89.812,1,Dane,WI,55025,55,426526,1201.895,354.9,488073
556225,44.839,-88.474,1,Shawano,WI,55115,55,40664,892.509,45.6,41949
556162,46.742,-88.183,1,Baraga,MI,26013,26,8746,903.997,9.7,8860
555735,44.112,-89.622,1,Adams,WI,55001,55,18643,647.739,28.8,20875
555696,43.486,-88.102,1,Washington,WI,55131,55,117493,430.816,272.7,131887
555670,44.394,-89.566,1,Portage,WI,55097,55,67182,806.311,83.3,70019
555436,42.185,-89.329,1,Ogle,IL,17141,17,51032,758.833,67.2,53497
555430,44.302,-90.504,1,Jackson,WI,55053,55,19100,987.316,19.3,20449
555335,44.275,-88.759,1,Waupaca,WI,55135,55,51731,751.094,68.9,52410
555106,41.605,-90.651,1,Scott,IA,19163,19,158668,457.934,346.5,165224
554689,44.131,-89.269,1,Waushara,WI,55137,55,23154,626.034,37,24496
554331,43.389,-88.853,1,Dodge,WI,55027,55,85897,882.281,97.4,88759
553961,43.778,-90.278,1,Juneau,WI,55057,55,24316,767.607,31.7,26664
553892,43.722,-89.462,1,Marquette,WI,55077,55,15832,455.486,34.8,15404
553800,44.563,-90.748,1,Clark,WI,55019,55,33557,1215.635,27.6,34690
553337,41.739,-93.857,1,Dallas,IA,19049,19,40750,586.465,69.5,66135
553323,41.582,-91.705,1,Johnson,IA,19103,19,111006,614.479,180.6,130882
553260,44.708,-92.181,1,Pierce,WI,55093,55,36804,576.486,63.8,41019
551763,46.22,-87.73,1,Dickinson,MI,26043,26,27472,766.337,35.8,26168
551686,43.716,-89.5,1,Marquette,WI,55077,55,15832,455.486,34.8,15404
550792,41.198,-93.667,1,Warren,IA,19181,19,40671,571.644,71.1,46225
550212,44.493,-87.533,1,Kewaunee,WI,55061,55,20187,342.639,58.9,20574
550199,41.163,-93.897,1,Madison,IA,19121,19,14019,561.136,25,15679
550061,45.323,-87.526,1,Menominee,MI,26109,26,25326,1043.521,24.3,24029
549554,41.192,-93.393,1,Warren,IA,19181,19,40671,571.644,71.1,46225
549304,43.484,-89.598,1,Columbia,WI,55021,55,52468,773.791,67.8,56833
549040,44.122,-88.193,1,Calumet,WI,55015,55,40631,319.839,127,48971
548505,41.675,-93.766,1,Polk,IA,19153,19,374601,569.346,657.9,430640
548142,42.618,-89.599,1,Green,WI,55045,55,33647,583.987,57.6,36842
548107,45.501,-87.333,1,Menominee,MI,26109,26,25326,1043.521,24.3,24029
547895,42.462,-92.661,1,Grundy,IA,19075,19,12369,502.514,24.6,12453
547654,41.835,-91.14,1,Cedar,IA,19031,19,18187,579.522,31.4,18499
547645,42.234,-91.647,1,Linn,IA,19113,19,191701,717.442,267.2,211226
499594,38.514,-90.236,1,Saint Clair,IL,17163,17,256082,663.808,385.8,270056
499304,38.761,-92.817,1,Cooper,MO,29053,29,16670,565.028,29.5,17601
499099,42.32,-83.561,1,Washtenaw,MI,26161,26,322895,709.939,454.8,344791
499066,41.497,-87.71,1,Cook,IL,17031,17,5376741,945.68,5685.2,5194675
498753,39.605,-86.554,1,Hendricks,IN,18063,18,104093,408.394,254.9,145448
498449,38.612,-91.17,1,Warren,MO,29219,29,24525,431.314,56.9,32513
498194,41.139,-87.846,1,Kankakee,IL,17091,17,103833,676.749,153.4,113449
497658,38.305,-90.325,1,Monroe,IL,17133,17,27619,388.292,71.1,32957
497509,42.43,-83.8,1,Livingston,MI,26093,26,156951,568.398,276.1,180967
497431,38.797,-90.576,1,Saint Charles,MO,29183,29,283883,560.421,506.5,360485
497411,38.141,-90.279,1,Jefferson,MO,29099,29,198099,656.796,301.6,218733
496816,38.618,-90.218,1,Saint Louis City,MO,29510,29,348189,61.924,5622.5,319294
496333,38.1,-92.764,1,Camden,MO,29029,29,37051,655.143,56.6,44002
496257,42.822,-83.675,1,Oakland,MI,26125,26,1194156,872.511,1368.6,1202362
495513,39.644,-88.317,1,Coles,IL,17029,17,53196,508.286,104.7,53873
495416,42.625,-83.522,1,Oakland,MI,26125,26,1194156,872.511,1368.6,1202362
495405,40.403,-91.543,1,Clark,MO,29045,29,7416,507.311,14.6,7139
495358,42.169,-83.211,1,Wayne,MI,26163,26,2061162,614.152,3355.9,1820584
495315,39.83,-87.15,1,Parke,IN,18121,18,17241,444.774,38.8,17339
495083,41.693,-85.752,1,Elkhart,IN,18039,18,182791,463.814,394.1,197559
495067,40.742,-88.298,1,Livingston,IL,17105,17,39678,1043.76,38,38950
495066,42.214,-83.313,1,Wayne,MI,26163,26,2061162,614.152,3355.9,1820584
494697,41.522,-86.867,1,Laporte,IN,18091,18,110106,598.238,184,111467
494621,40.62,-86.666,1,Carroll,IN,18015,18,20165,372.258,54.2,20155
494617,41.33,-90.83,1,Mercer,IL,17131,17,16957,561.024,30.2,16434
494194,38.875,-90.614,1,Saint Charles,MO,29183,29,283883,560.421,506.5,360485
494095,40.547,-91.419,1,Lee,IA,19111,19,38052,517.392,73.5,35862
493937,42.878,-85.439,1,Kent,MI,26081,26,574335,856.175,670.8,602622
493309,38.668,-90.384,1,Saint Louis,MO,29189,29,1016315,507.805,2001.3,998954
492836,41.178,-85.332,1,Allen,IN,18003,18,331849,657.25,504.9,355329
492830,43.27,-84.414,1,Gratiot,MI,26057,26,42285,570.128,74.2,42476
492784,42.752,-83.336,1,Oakland,MI,26125,26,1194156,872.511,1368.6,1202362
492781,42.653,-82.565,1,Saint Clair,MI,26147,26,164235,724.371,226.7,163040
491917,40.715,-86.66,1,Carroll,IN,18015,18,20165,372.258,54.2,20155
491843,39.113,-90.63,1,Calhoun,IL,17013,17,5084,253.816,20,5089
490735,38.823,-90.595,1,Saint Charles,MO,29183,29,283883,560.421,506.5,360485
490686,38.782,-90.807,1,Saint Charles,MO,29183,29,283883,560.421,506.5,360485
490612,41.367,-85.33,1,Noble,IN,18113,18,46275,411.112,112.6,47536
490599,42.894,-83.868,1,Genesee,MI,26049,26,436141,639.64,681.8,425790
490284,39.11,-87.21,1,Greene,IN,18055,18,33157,541.728,61.2,33165
489951,39.84,-87.25,1,Parke,IN,18121,18,17241,444.774,38.8,17339
489832,39.589,-88.107,1,Coles,IL,17029,17,53196,508.286,104.7,53873
489481,39.427,-88.145,1,Coles,IL,17029,17,53196,508.286,104.7,53873
489325,41.245,-87.552,1,Kankakee,IL,17091,17,103833,676.749,153.4,113449
489186,40.204,-91.815,1,Lewis,MO,29111,29,10494,505.007,20.8,10211
488307,42.664,-83.383,1,Oakland,MI,26125,26,1194156,872.511,1368.6,1202362
488109,42.191,-83.305,1,Wayne,MI,26163,26,2061162,614.152,3355.9,1820584
488100,42.82,-84.206,1,Shiawassee,MI,26155,26,71687,538.734,133.1,70648
487980,38.889,-90.446,1,Saint Charles,MO,29183,29,283883,560.421,506.5,360485
487953,38.535,-90.468,1,Saint Louis,MO,29189,29,1016315,507.805,2001.3,998954
487755,38.474,-90.732,1,Jefferson,MO,29099,29,198099,656.796,301.6,218733
487607,44.784,-84.801,1,Crawford,MI,26039,26,14273,558.123,25.6,14074
487463,41.122,-85.433,1,Whitley,IN,18183,18,30707,335.519,91.5,33292
487040,41.572,-87.553,1,Cook,IL,17031,17,5376741,945.68,5685.2,5194675
486863,39.309,-88.819,1,Shelby,IL,17173,17,22893,758.511,30.2,22363
486856,40.181,-91.502,1,Adams,IL,17001,17,68277,856.634,79.7,67103
486768,41.438,-84.412,1,Williams,OH,39171,39,39188,421.74,92.9,37642
486741,39.577,-89.298,1,Christian,IL,17021,17,35372,709.061,49.9,34800
486570,43.718,-84.167,1,Midland,MI,26111,26,82874,521.194,159,83629
486514,42.568,-83.688,1,Livingston,MI,26093,26,156951,568.398,276.1,180967
486481,41.46,-88.312,1,Grundy,IL,17063,17,37535,419.903,89.4,50063
486474,39.516,-89.192,1,Christian,IL,17021,17,35372,709.061,49.9,34800
486014,40.841,-86.645,1,White,IN,18181,18,25267,505.236,50,24643
485746,42.546,-83.248,1,Oakland,MI,26125,26,1194156,872.511,1368.6,1202362
485535,42.439,-83.289,1,Wayne,MI,26163,26,2061162,614.152,3355.9,1820584
485474,41.866,-87.79,1,Cook,IL,17031,17,5376741,945.68,5685.2,5194675
485161,38.337,-90.347,1,Monroe,IL,17133,17,27619,388.292,71.1,32957
484751,43.169,-84.51,1,Gratiot,MI,26057,26,42285,570.128,74.2,42476
484726,42.68,-85.233,1,Barry,MI,26015,26,56755,556.135,102,59173
484135,43.752,-84.314,1,Midland,MI,26111,26,82874,521.194,159,83629
484059,38.429,-90.392,1,Jefferson,MO,29099,29,198099,656.796,301.6,218733
483975,39.334,-89.607,1,Montgomery,IL,17135,17,30652,703.795,43.6,30104
483916,42.381,-83.87,1,Washtenaw,MI,26161,26,322895,709.939,454.8,344791
483863,38.766,-90.318,1,Saint Louis,MO,29189,29,1016315,507.805,2001.3,998954
483486,39.644,-89.863,1,Sangamon,IL,17167,17,188951,868.182,217.6,197465
483269,42.89,-83.561,1,Genesee,MI,26049,26,436141,639.64,681.8,425790
483141,42.209,-84.87,1,Calhoun,MI,26025,26,137985,708.716,194.7,136146
483136,39.873,-88.564,1,Piatt,IL,17147,17,16365,440.022,37.2,16729
482984,38.27,-92.721,1,Morgan,MO,29141,29,19309,597.412,32.3,20565
482873,42.527,-85.235,1,Barry,MI,26015,26,56755,556.135,102,59173
482806,38.748,-90.116,1,Madison,IL,17119,17,258941,725.018,357.1,269282
482387,40.202,-86.257,1,Clinton,IN,18023,18,33866,405.096,83.6,33224
482208,39.397,-89.469,1,Christian,IL,17021,17,35372,709.061,49.9,34800
482162,41.16,-87.477,1,Newton,IN,18111,18,14566,401.849,36.2,14244
481979,40.804,-89.65,1,Peoria,IL,17143,17,183433,619.522,296.1,186494
481853,42.169,-86.226,1,Berrien,MI,26021,26,162453,571,284.5,156813
481830,42.772,-83.575,1,Oakland,MI,26125,26,1194156,872.511,1368.6,1202362
481804,41.815,-86.536,1,Berrien,MI,26021,26,162453,571,284.5,156813
481706,43.746,-85.508,1,Mecosta,MI,26107,26,40553,555.693,73,42798
481539,39.745,-89.333,1,Christian,IL,17021,17,35372,709.061,49.9,34800
481324,40.889,-89.406,1,Woodford,IL,17203,17,35469,527.95,67.2,38664
481282,40.548,-86.85,1,Tippecanoe,IN,18157,18,148955,499.792,298,172780
481128,42.254,-83.155,1,Wayne,MI,26163,26,2061162,614.152,3355.9,1820584
480915,41.122,-85.579,1,Whitley,IN,18183,18,30707,335.519,91.5,33292
480224,41.571,-85.202,1,Lagrange,IN,18087,18,34909,379.563,92,37128
479915,40.719,-89.435,1,Tazewell,IL,17179,17,128485,648.86,198,135394
479843,43.203,-84.468,1,Gratiot,MI,26057,26,42285,570.128,74.2,42476
479764,42.181,-87.872,1,Lake,IL,17097,17,644356,447.564,1439.6,703462
479707,41.499,-85.862,1,Elkhart,IN,18039,18,182791,463.814,394.1,197559
479560,42.353,-83.521,1,Wayne,MI,26163,26,2061162,614.152,3355.9,1820584
479310,40.666,-86.34,1,Cass,IN,18017,18,40930,412.868,99.1,38966
478948,42.346,-83.862,1,Washtenaw,MI,26161,26,322895,709.939,454.8,344791
478872,42.391,-83.332,1,Wayne,MI,26163,26,2061162,614.152,3355.9,1820584
478795,43.279,-84.622,1,Gratiot,MI,26057,26,42285,570.128,74.2,42476
478742,39.465,-87.464,1,Vigo,IN,18167,18,105848,403.295,262.4,107848
478624,42.784,-83.377,1,Oakland,MI,26125,26,1194156,872.511,1368.6,1202362
478615,42.685,-85.283,1,Barry,MI,26015,26,56755,556.135,102,59173
477903,38.874,-90.798,1,Saint Charles,MO,29183,29,283883,560.421,506.5,360485
477881,41.299,-87.623,1,Will,IL,17197,17,502266,836.941,600.1,677560
477869,42.828,-83.686,1,Oakland,MI,26125,26,1194156,872.511,1368.6,1202362
477836,42.332,-84.364,1,Jackson,MI,26075,26,158422,706.597,224.2,160248
477674,38.824,-90.109,1,Madison,IL,17119,17,258941,725.018,357.1,269282
477664,41.352,-86.754,1,Laporte,IN,18091,18,110106,598.238,184,111467
477465,41.115,-84.272,1,Putnam,OH,39137,39,34726,483.865,71.8,34499
477464,40.71,-87.805,1,Iroquois,IL,17075,17,31334,1116.428,28.1,29718
477412,39.869,-91.812,1,Marion,MO,29127,29,28289,438.075,64.6,28781
477072,40.719,-88.682,1,Mclean,IL,17113,17,150433,1183.527,127.1,169572
476973,40.656,-92.773,1,Appanoose,IA,19007,19,13721,496.252,27.6,12887
476759,38.833,-90.795,1,Saint Charles,MO,29183,29,283883,560.421,506.5,360485
475405,40.362,-88.368,1,Champaign,IL,17019,17,179669,996.806,180.2,201081
475322,39.104,-89.152,1,Fayette,IL,17051,17,21802,716.487,30.4,22140
475081,40.348,-91.831,1,Clark,MO,29045,29,7416,507.311,14.6,7139
474741,42.42,-83.279,1,Wayne,MI,26163,26,2061162,614.152,3355.9,1820584
474656,39.278,-89.702,1,Montgomery,IL,17135,17,30652,703.795,43.6,30104
474570,42.241,-85.101,1,Calhoun,MI,26025,26,137985,708.716,194.7,136146
474527,43.45,-84.181,1,Saginaw,MI,26145,26,210039,808.932,259.6,200169
473964,43.111,-85.54,1,Kent,MI,26081,26,574335,856.175,670.8,602622
473498,39.617,-89.199,1,Christian,IL,17021,17,35372,709.061,49.9,34800
473466,38.824,-92.303,1,Boone,MO,29019,29,135454,685.43,197.6,162642
473438,41.218,-86.498,1,Starke,IN,18149,18,23556,309.311,76.2,23363
472564,43.761,-83.435,1,Huron,MI,26063,26,36079,836.517,43.1,33118
472160,38.154,-92.376,1,Miller,MO,29131,29,23564,592.255,39.8,24748
471845,38.719,-89.593,1,Clinton,IL,17027,17,35535,474.233,74.9,37762
471710,42.413,-83.152,1,Wayne,MI,26163,26,2061162,614.152,3355.9,1820584
471225,38.667,-90.478,1,Saint Louis,MO,29189,29,1016315,507.805,2001.3,998954
471072,39.76,-91.117,1,Adams,IL,17001,17,68277,856.634,79.7,67103
470839,41.593,-85.291,1,Lagrange,IN,18087,18,34909,379.563,92,37128
470675,42.203,-85.16,1,Calhoun,MI,26025,26,137985,708.716,194.7,136146
470031,41.381,-86.426,1,Marshall,IN,18099,18,45128,444.274,101.6,47051
470020,41.502,-85.232,1,Noble,IN,18113,18,46275,411.112,112.6,47536
470014,41.845,-90.807,1,Clinton,IA,19045,19,50149,694.98,72.2,49116
469960,41.888,-86.411,1,Berrien,MI,26021,26,162453,571,284.5,156813
469570,42.751,-83.205,1,Oakland,MI,26125,26,1194156,872.511,1368.6,1202362
469547,39.753,-91.889,1,Shelby,MO,29205,29,6799,500.935,13.6,6373
469449,42.241,-83.191,1,Wayne,MI,26163,26,2061162,614.152,3355.9,1820584
469145,38.297,-90.587,1,Jefferson,MO,29099,29,198099,656.796,301.6,218733
468576,42.836,-83.522,1,Oakland,MI,26125,26,1194156,872.511,1368.6,1202362
468510,42.243,-83.178,1,Wayne,MI,26163,26,2061162,614.152,3355.9,1820584
468444,42.133,-85.405,1,Kalamazoo,MI,26077,26,238603,561.864,424.6,250331
468033,42.168,-85.162,1,Calhoun,MI,26025,26,137985,708.716,194.7,136146
467963,41.59,-87.417,1,Lake,IN,18089,18,484564,496.985,975,496005
467881,40.442,-89.565,1,Tazewell,IL,17179,17,128485,648.86,198,135394
467655,43.349,-83.114,1,Tuscola,MI,26157,26,58266,812.429,71.7,55729
467582,39.289,-89.641,1,Montgomery,IL,17135,17,30652,703.795,43.6,30104
467531,39.666,-86.647,1,Hendricks,IN,18063,18,104093,408.394,254.9,145448
467530,41.714,-85.294,1,Lagrange,IN,18087,18,34909,379.563,92,37128
466488,40.191,-86.487,1,Clinton,IN,18023,18,33866,405.096,83.6,33224
466294,39.734,-89.164,1,Christian,IL,17021,17,35372,709.061,49.9,34800
466291,43.768,-85.796,1,Newaygo,MI,26123,26,47874,842.368,56.8,48460
466273,42.25,-85.166,1,Calhoun,MI,26025,26,137985,708.716,194.7,136146
466115,38.326,-90.429,1,Jefferson,MO,29099,29,198099,656.796,301.6,218733
465691,39.2,-89.531,1,Montgomery,IL,17135,17,30652,703.795,43.6,30104
465637,39.8,-89.643,1,Sangamon,IL,17167,17,188951,868.182,217.6,197465
465491,41.732,-86.745,1,Laporte,IN,18091,18,110106,598.238,184,111467
465282,40.89,-86.275,1,Cass,IN,18017,18,40930,412.868,99.1,38966
464769,38.511,-90.611,1,Saint Louis,MO,29189,29,1016315,507.805,2001.3,998954
464486,38.747,-90.866,1,Saint Charles,MO,29183,29,283883,560.421,506.5,360485
464409,38.463,-90.2,1,Monroe,IL,17133,17,27619,388.292,71.1,32957
464319,42.177,-84.724,1,Calhoun,MI,26025,26,137985,708.716,194.7,136146
463750,39.793,-88.87,1,Macon,IL,17115,17,114706,580.523,197.6,110768
463527,41.284,-87.231,1,Lake,IN,18089,18,484564,496.985,975,496005
463238,43.531,-83.814,1,Bay,MI,26017,26,110157,444.246,248,107771
462202,39.476,-89.792,1,Macoupin,IL,17117,17,49019,863.574,56.8,47765
462068,42.21,-85.22,1,Calhoun,MI,26025,26,137985,708.716,194.7,136146
461827,41.264,-87.531,1,Kankakee,IL,17091,17,103833,676.749,153.4,113449
461556,40.699,-86.158,1,Miami,IN,18103,18,36082,375.619,96.1,36903
461287,41.686,-87.652,1,Cook,IL,17031,17,5376741,945.68,5685.2,5194675
460982,40.478,-90.56,1,Mcdonough,IL,17109,17,32913,589.27,55.9,32612
460763,38.598,-91.172,1,Franklin,MO,29071,29,93807,922.81,101.6,101492
460722,43.664,-85.132,1,Mecosta,MI,26107,26,40553,555.693,73,42798
460574,40.754,-87.743,1,Iroquois,IL,17075,17,31334,1116.428,28.1,29718
460568,39.88,-89.335,1,Sangamon,IL,17167,17,188951,868.182,217.6,197465
460472,40.283,-87.374,1,Warren,IN,18171,18,8419,364.883,23.1,8508
459816,39.327,-87.495,1,Vigo,IN,18167,18,105848,403.295,262.4,107848
459534,42.587,-82.888,1,Macomb,MI,26099,26,788149,480.438,1640.4,840978
459222,42.523,-85.795,1,Allegan,MI,26005,26,105665,827.465,127.7,111408
458781,40.161,-87.489,1,Warren,IN,18171,18,8419,364.883,23.1,8508
458654,43.625,-83.353,1,Tuscola,MI,26157,26,58266,812.429,71.7,55729
458588,40.515,-87.627,1,Iroquois,IL,17075,17,31334,1116.428,28.1,29718
458431,38.722,-90.453,1,Saint Louis,MO,29189,29,1016315,507.805,2001.3,998954
458294,42.74,-83.762,1,Livingston,MI,26093,26,156951,568.398,276.1,180967
458011,40.606,-91.187,1,Hancock,IL,17067,17,20121,794.622,25.3,19104
457761,40.89,-86.626,1,White,IN,18181,18,25267,505.236,50,24643
457000,39.418,-94.16,1,Ray,MO,29177,29,23354,569.465,41,23494
456962,40.403,-86.396,1,Clinton,IN,18023,18,33866,405.096,83.6,33224
456742,43.514,-83.326,1,Tuscola,MI,26157,26,58266,812.429,71.7,55729
456700,38.806,-90.604,1,Saint Charles,MO,29183,29,283883,560.421,506.5,360485
456607,38.38,-90.24,1,Monroe,IL,17133,17,27619,388.292,71.1,32957
456317,42.565,-82.6,1,Saint Clair,MI,26147,26,164235,724.371,226.7,163040
456150,42.113,-83.19,1,Wayne,MI,26163,26,2061162,614.152,3355.9,1820584
456002,42.879,-83.38,1,Oakland,MI,26125,26,1194156,872.511,1368.6,1202362
455501,39.427,-89.31,1,Christian,IL,17021,17,35372,709.061,49.9,34800
455316,42.404,-83.624,1,Washtenaw,MI,26161,26,322895,709.939,454.8,344791
455102,42.502,-83.695,1,Livingston,MI,26093,26,156951,568.398,276.1,180967
454942,41.59,-85.765,1,Elkhart,IN,18039,18,182791,463.814,394.1,197559
454762,41.721,-84.41,1,Hillsdale,MI,26059,26,46527,598.843,77.7,46688
454613,39.472,-89.859,1,Macoupin,IL,17117,17,49019,863.574,56.8,47765
453810,38.491,-90.231,1,Monroe,IL,17133,17,27619,388.292,71.1,32957
453485,43.862,-84.57,1,Gladwin,MI,26051,26,26023,506.803,51.3,25692
453254,42.125,-83.198,1,Wayne,MI,26163,26,2061162,614.152,3355.9,1820584
453141,42.348,-87.847,1,Lake,IL,17097,17,644356,447.564,1439.6,703462
452775,41.704,-87.55,1,Cook,IL,17031,17,5376741,945.68,5685.2,5194675
452317,40.752,-86.664,1,White,IN,18181,18,25267,505.236,50,24643
452011,41.26,-87.807,1,Kankakee,IL,17091,17,103833,676.749,153.4,113449
451819,38.537,-89.8,1,Saint Clair,IL,17163,17,256082,663.808,385.8,270056
451549,38.531,-90.611,1,Saint Louis,MO,29189,29,1016315,507.805,2001.3,998954
451520,39.42,-91.161,1,Pike,MO,29163,29,18351,672.823,27.3,18516
451511,41.506,-83.248,1,Ottawa,OH,39123,39,40985,254.953,160.7,41428
451455,41.222,-86.452,1,Marshall,IN,18099,18,45128,444.274,101.6,47051
451416,42.263,-83.176,1,Wayne,MI,26163,26,2061162,614.152,3355.9,1820584
451410,39.222,-89.698,1,Montgomery,IL,17135,17,30652,703.795,43.6,30104
451372,38.62,-90.53,1,Saint Louis,MO,29189,29,1016315,507.805,2001.3,998954
451281,42.428,-83.211,1,Wayne,MI,26163,26,2061162,614.152,3355.9,1820584
451134,41.355,-87.576,1,Will,IL,17197,17,502266,836.941,600.1,677560
450879,40.611,-88.58,1,Mclean,IL,17113,17,150433,1183.527,127.1,169572
450845,41.307,-85.595,1,Noble,IN,18113,18,46275,411.112,112.6,47536
399627,37.654,-88.774,1,Williamson,IL,17199,17,61296,423.414,144.8,66357
398791,34.223,-90.3,1,Quitman,MS,28119,28,10117,404.838,25,8223
398226,39.148,-86.394,1,Monroe,IN,18105,18,120563,394.346,305.7,137974
397880,39.899,-85.483,1,Henry,IN,18065,18,48508,392.927,123.4,49462
397800,39.448,-85.211,1,Franklin,IN,18047,18,22151,386.003,57.4,23087
397717,33.711,-90.794,1,Bolivar,MS,28011,28,40633,876.284,46.4,34145
397708,37.196,-89.172,1,Pulaski,IL,17153,17,7348,200.786,36.6,6161
397683,32.158,-92.627,1,Jackson Parish,LA,22049,22,15397,569.753,27,16274
397611,38.156,-85.511,1,Jefferson,KY,21111,21,693604,385.088,1801.1,741096
397586,35.877,-90.568,1,Craighead,AR,5031,5,82148,710.84,115.6,96443
397307,32.659,-90.528,1,Yazoo,MS,28163,28,28149,919.482,30.6,28065
396915,39.9,-86.519,1,Hendricks,IN,18063,18,104093,408.394,254.9,145448
396883,34.205,-90.572,1,Coahoma,MS,28027,28,30622,554.152,55.3,26151
396808,38.864,-89.727,1,Madison,IL,17119,17,258941,725.018,357.1,269282
396783,37.359,-87.545,1,Hopkins,KY,21107,21,46519,550.558,84.5,46920
396678,38.244,-89.824,1,Saint Clair,IL,17163,17,256082,663.808,385.8,270056
396439,39.529,-85.739,1,Shelby,IN,18145,18,43445,412.639,105.3,44436
396173,38.658,-87.752,1,Lawrence,IL,17101,17,15452,371.984,41.5,16833
396085,35.494,-92.209,1,Cleburne,AR,5023,5,24046,553.049,43.5,25970
395966,37.485,-87.282,1,Mclean,KY,21149,21,9938,254.295,39.1,9531
395533,37.759,-82.635,1,Martin,KY,21159,21,12578,230.7,54.5,12929
395129,36.828,-85.365,1,Cumberland,KY,21057,21,7147,305.822,23.4,6856
395119,32.412,-90.615,1,Warren,MS,28149,28,49644,586.611,84.6,48773
394930,39.759,-86.165,1,Marion,IN,18097,18,860454,396.249,2171.4,903393
394755,39.891,-86.208,1,Marion,IN,18097,18,860454,396.249,2171.4,903393
394672,38.736,-85.199,1,Switzerland,IN,18155,18,9065,221.181,41,10613
394513,37.539,-88.421,1,Pope,IL,17151,17,4413,370.863,11.9,4470
394314,38.585,-87.687,1,Lawrence,IL,17101,17,15452,371.984,41.5,16833
394066,34.874,-92.485,1,Pulaski,AR,5119,5,361474,770.821,468.9,382748
393606,33.445,-90.788,1,Washington,MS,28151,28,62977,723.986,87,51137
393470,38.656,-86.139,1,Washington,IN,18175,18,27223,514.416,52.9,28262
393446,33.772,-89.572,1,Grenada,MS,28043,28,23263,421.792,55.1,21906
393364,31.105,-92.728,1,Rapides Parish,LA,22079,22,126337,1322.541,95.5,131613
393286,39.81,-86.2,1,Marion,IN,18097,18,860454,396.249,2171.4,903393
393035,33.328,-91.28,1,Chicot,AR,5017,5,14117,644.027,21.9,11800
393032,39.523,-86.414,1,Morgan,IN,18109,18,66689,406.47,164.1,68894
393003,39.796,-86.557,1,Hendricks,IN,18063,18,104093,408.394,254.9,145448
392385,39.457,-86.651,1,Owen,IN,18119,18,21786,385.178,56.6,21575
392366,34.507,-90.123,1,Panola,MS,28107,28,34274,684.197,50.1,34707
392272,31.132,-92.51,1,Rapides Parish,LA,22079,22,126337,1322.541,95.5,131613
391219,38.31,-85.331,1,Oldham,KY,21185,21,46178,189.188,244.1,60316
390881,32.107,-93.374,1,Red River Parish,LA,22081,22,9622,389.288,24.7,9091
390812,38.826,-89.7,1,Madison,IL,17119,17,258941,725.018,357.1,269282
390637,38.718,-86.279,1,Washington,IN,18175,18,27223,514.416,52.9,28262
390604,39.141,-87.118,1,Greene,IN,18055,18,33157,541.728,61.2,33165
389991,37.768,-86.817,1,Hancock,KY,21091,21,8392,188.8,44.4,8565
389884,33.607,-89.582,1,Montgomery,MS,28097,28,12189,406.845,30,10925
389819,40.125,-86.131,1,Hamilton,IN,18057,18,182740,397.94,459.2,274569
389782,37.822,-87.865,1,Union,KY,21225,21,15637,345.098,45.3,15007
389693,34.107,-92.847,1,Dallas,AR,5039,5,9210,667.42,13.8,8116
388709,40.325,-86.357,1,Clinton,IN,18023,18,33866,405.096,83.6,33224
388460,39.821,-87.602,1,Edgar,IL,17045,17,19704,623.555,31.6,18576
388071,37.305,-87.78,1,Hopkins,KY,21107,21,46519,550.558,84.5,46920
388068,35.522,-89.39,1,Haywood,TN,47075,47,19797,533.203,37.1,18787
388044,37.51,-89.134,1,Union,IL,17181,17,18293,416.161,44,17808
387322,37.726,-90.113,1,Sainte Genevieve,MO,29186,29,17842,502.389,35.5,18145
387185,33.427,-91.305,1,Chicot,AR,5017,5,14117,644.027,21.9,11800
387008,38.857,-87.729,1,Crawford,IL,17033,17,20452,443.535,46.1,19817
386895,34.854,-92.597,1,Pulaski,AR,5119,5,361474,770.821,468.9,382748
386886,34.684,-92.457,1,Pulaski,AR,5119,5,361474,770.821,468.9,382748
386470,34.613,-92.182,1,Pulaski,AR,5119,5,361474,770.821,468.9,382748
386416,39.82,-86.338,1,Hendricks,IN,18063,18,104093,408.394,254.9,145448
385866,39.27,-86.433,1,Monroe,IN,18105,18,120563,394.346,305.7,137974
385850,36.632,-93.58,1,Stone,MO,29209,29,28658,463.224,61.9,32202
385797,39.148,-85.341,1,Ripley,IN,18137,18,26523,446.361,59.4,28818
385425,33.768,-89.422,1,Calhoun,MS,28013,28,15069,586.538,25.7,14962
385373,38.572,-90.786,1,Franklin,MO,29071,29,93807,922.81,101.6,101492
385307,37.68,-87.757,1,Union,KY,21225,21,15637,345.098,45.3,15007
385291,32.26,-90.528,1,Hinds,MS,28049,28,250800,869.185,288.5,245285
385142,40.593,-86.893,1,White,IN,18181,18,25267,505.236,50,24643
384741,37.45,-87.282,1,Mclean,KY,21149,21,9938,254.295,39.1,9531
384625,33.728,-89.344,1,Calhoun,MS,28013,28,15069,586.538,25.7,14962
384251,32.106,-92.834,1,Winn Parish,LA,22127,22,16894,950.486,17.8,15313
383933,33.229,-90.774,1,Washington,MS,28151,28,62977,723.986,87,51137
383779,35.631,-92.258,1,Van Buren,AR,5141,5,16192,711.514,22.8,17295
383567,38.773,-86.469,1,Lawrence,IN,18093,18,45922,448.831,102.3,46134
383420,38.615,-88.721,1,Marion,IL,17121,17,41691,572.264,72.8,39437
383360,32.746,-90.568,1,Yazoo,MS,28163,28,28149,919.482,30.6,28065
383359,38.52,-87.453,1,Pike,IN,18125,18,12837,336.176,38.2,12845
383129,32.524,-93.592,1,Bossier Parish,LA,22015,22,98310,839.251,117.1,116979
382833,39.49,-86.316,1,Morgan,IN,18109,18,66689,406.47,164.1,68894
382794,38.476,-90.309,1,Saint Louis,MO,29189,29,1016315,507.805,2001.3,998954
382093,36.731,-94.307,1,Mcdonald,MO,29119,29,21681,539.512,40.2,23083
381466,37.543,-88.262,1,Hardin,IL,17069,17,4800,178.333,26.9,4320
381180,37.24,-88.126,1,Crittenden,KY,21055,21,9384,362.141,25.9,9315
380902,37.478,-86.59,1,Grayson,KY,21085,21,24053,503.675,47.8,25746
380497,34.308,-92.339,1,Grant,AR,5053,5,16464,631.777,26.1,17853
380291,39.338,-85.73,1,Bartholomew,IN,18005,18,71435,406.838,175.6,76794
379864,39.47,-86.235,1,Johnson,IN,18081,18,115209,320.193,359.8,139654
379671,39.759,-86.655,1,Hendricks,IN,18063,18,104093,408.394,254.9,145448
379508,38.144,-87.109,1,Warrick,IN,18173,18,52383,384.074,136.4,59689
378894,34.648,-89.813,1,Tate,MS,28137,28,25370,404.479,62.7,28886
378837,31.493,-93.524,1,Sabine Parish,LA,22085,22,23459,865.265,27.1,24233
378780,39.578,-88.145,1,Coles,IL,17029,17,53196,508.286,104.7,53873
378736,39.339,-86.487,1,Morgan,IN,18109,18,66689,406.47,164.1,68894
378735,39.755,-86.42,1,Hendricks,IN,18063,18,104093,408.394,254.9,145448
378524,33.775,-93.447,1,Nevada,AR,5099,5,9955,619.953,16.1,8997
378301,32.604,-90.174,1,Madison,MS,28089,28,74674,717.111,104.1,95203
378079,33.656,-92.81,1,Ouachita,AR,5103,5,28790,732.45,39.3,26120
377988,39.647,-86.186,1,Marion,IN,18097,18,860454,396.249,2171.4,903393
377987,34.792,-90.375,1,Tunica,MS,28143,28,9227,454.809,20.3,10778
377727,38.623,-87.891,1,Lawrence,IL,17101,17,15452,371.984,41.5,16833
377169,33.503,-90.859,1,Washington,MS,28151,28,62977,723.986,87,51137
376977,39.368,-86.867,1,Owen,IN,18119,18,21786,385.178,56.6,21575
376880,38.788,-87.301,1,Knox,IN,18083,18,39256,515.834,76.1,38440
376646,39.615,-85.434,1,Rush,IN,18139,18,18261,408.283,44.7,17392
376368,38.325,-87.755,1,Gibson,IN,18051,18,32500,488.784,66.5,33503
375892,32.274,-92.212,1,Caldwell Parish,LA,22021,22,10560,529.417,19.9,10132
375619,35.296,-90.41,1,Crittenden,AR,5035,5,50866,610.166,83.4,50902
375216,39.25,-86.23,1,Brown,IN,18013,18,14957,312.264,47.9,15242
375202,37.213,-88.686,1,Massac,IL,17127,17,15161,239.054,63.4,15429
375034,39.812,-86.239,1,Marion,IN,18097,18,860454,396.249,2171.4,903393
374813,39.857,-86.349,1,Hendricks,IN,18063,18,104093,408.394,254.9,145448
374787,37.851,-87.576,1,Henderson,KY,21101,21,44829,440.124,101.8,46250
374432,34.67,-92.741,1,Saline,AR,5125,5,83529,723.462,115.5,107118
374408,34.334,-90.568,1,Coahoma,MS,28027,28,30622,554.152,55.3,26151
374363,39.713,-87.448,1,Vermillion,IN,18165,18,16788,256.888,65.3,16212
374161,37.497,-87.681,1,Webster,KY,21233,21,14120,334.752,42.2,13621
374124,39.354,-85.544,1,Decatur,IN,18031,18,24555,372.604,65.9,25740
373255,30.707,-95.34,1,San Jacinto,TX,48407,48,22246,570.655,39,26384
373163,32.33,-92.328,1,Jackson Parish,LA,22049,22,15397,569.753,27,16274
373117,39.735,-87.846,1,Edgar,IL,17045,17,19704,623.555,31.6,18576
372965,39.317,-85.117,1,Franklin,IN,18047,18,22151,386.003,57.4,23087
372541,40.434,-85.848,1,Grant,IN,18053,18,73403,414.029,177.3,70061
372474,36.673,-89.774,1,Stoddard,MO,29207,29,29705,827.123,35.9,29968
372390,38.16,-88.583,1,Hamilton,IL,17065,17,8621,435.164,19.8,8457
372273,35.695,-92.126,1,Cleburne,AR,5023,5,24046,553.049,43.5,25970
372012,38.325,-87.209,1,Pike,IN,18125,18,12837,336.176,38.2,12845
371755,39.636,-86.436,1,Hendricks,IN,18063,18,104093,408.394,254.9,145448
371670,38.665,-89.381,1,Clinton,IL,17027,17,35535,474.233,74.9,37762
371193,39.18,-86.27,1,Brown,IN,18013,18,14957,312.264,47.9,15242
371153,32.497,-90.233,1,Madison,MS,28089,28,74674,717.111,104.1,95203
371064,35.281,-89.441,1,Fayette,TN,47047,47,28806,704.498,40.9,38413
371017,37.272,-87.173,1,Muhlenberg,KY,21177,21,31839,474.719,67.1,31499
370843,32.474,-90.492,1,Hinds,MS,28049,28,250800,869.185,288.5,245285
370833,31.523,-93.74,1,Sabine Parish,LA,22085,22,23459,865.265,27.1,24233
370581,35.492,-91.275,1,Jackson,AR,5067,5,18418,633.524,29.1,17997
369614,31.508,-92.296,1,Grant Parish,LA,22043,22,18698,645.114,29,22309
369523,37.292,-87.11,1,Muhlenberg,KY,21177,21,31839,474.719,67.1,31499
369361,38.82,-87.745,1,Lawrence,IL,17101,17,15452,371.984,41.5,16833
369210,38.45,-87.358,1,Pike,IN,18125,18,12837,336.176,38.2,12845
368909,38.209,-90.66,1,Jefferson,MO,29099,29,198099,656.796,301.6,218733
368660,39.18,-86.63,1,Monroe,IN,18105,18,120563,394.346,305.7,137974
368144,33.263,-89.415,1,Attala,MS,28007,28,19661,735.126,26.7,19564
368109,32.778,-90.53,1,Yazoo,MS,28163,28,28149,919.482,30.6,28065
368099,38.135,-87.33,1,Warrick,IN,18173,18,52383,384.074,136.4,59689
367724,39.72,-86.57,1,Hendricks,IN,18063,18,104093,408.394,254.9,145448
367704,38.448,-86.583,1,Orange,IN,18117,18,19306,399.521,48.3,19840
367691,37.272,-86.516,1,Butler,KY,21031,21,13010,428.079,30.4,12690
367507,38.448,-89.611,1,Washington,IL,17189,17,15148,562.608,26.9,14716
367450,35.156,-90.761,1,Cross,AR,5037,5,19526,615.846,31.7,17870
367289,39.326,-84.468,1,Butler,OH,39017,39,332807,467.27,712.2,368130
367240,34.309,-90.452,1,Coahoma,MS,28027,28,30622,554.152,55.3,26151
367182,34.863,-92.574,1,Pulaski,AR,5119,5,361474,770.821,468.9,382748
366943,38.694,-85.297,1,Carroll,KY,21041,21,10155,130.088,78.1,10811
366909,39.262,-86.464,1,Monroe,IN,18105,18,120563,394.346,305.7,137974
366479,39.29,-86.176,1,Brown,IN,18013,18,14957,312.264,47.9,15242
366327,32.56,-91.541,1,Richland Parish,LA,22083,22,20981,558.455,37.6,20725
365954,32.771,-92.536,1,Union Parish,LA,22111,22,22803,877.602,26,22721
365580,38.648,-87.499,1,Knox,IN,18083,18,39256,515.834,76.1,38440
365332,35.384,-90.474,1,Crittenden,AR,5035,5,50866,610.166,83.4,50902
364828,30.708,-96.626,1,Burleson,TX,48051,48,16470,665.544,24.7,17187
364712,33.388,-90.719,1,Sunflower,MS,28133,28,34369,693.79,49.5,29450
364653,33.594,-89.24,1,Webster,MS,28155,28,10294,422.492,24.4,10253
364586,39.593,-86.548,1,Morgan,IN,18109,18,66689,406.47,164.1,68894
364552,39.149,-86.661,1,Monroe,IN,18105,18,120563,394.346,305.7,137974
364389,32.249,-92.198,1,Caldwell Parish,LA,22021,22,10560,529.417,19.9,10132
363984,39.499,-86.89,1,Putnam,IN,18133,18,36019,480.311,75,37963
363983,38.228,-86.796,1,Dubois,IN,18037,18,39674,430.086,92.2,41889
363524,39.494,-87.652,1,Edgar,IL,17045,17,19704,623.555,31.6,18576
363353,39.139,-86.836,1,Greene,IN,18055,18,33157,541.728,61.2,33165
363289,30.737,-95.744,1,Walker,TX,48471,48,61758,787.45,78.4,67861
363034,33.203,-91.649,1,Ashley,AR,5003,5,24209,921.148,26.3,21853
362980,37.578,-89.678,1,Cape Girardeau,MO,29031,29,68693,578.619,118.7,75674
362550,37.84,-87.347,1,Henderson,KY,21101,21,44829,440.124,101.8,46250
362383,39.764,-86.684,1,Hendricks,IN,18063,18,104093,408.394,254.9,145448
362198,37.303,-87.775,1,Hopkins,KY,21107,21,46519,550.558,84.5,46920
362122,37.381,-87.628,1,Hopkins,KY,21107,21,46519,550.558,84.5,46920
361820,30.427,-95.486,1,Montgomery,TX,48339,48,293768,1044.028,281.4,455746
361645,33.471,-90.596,1,Sunflower,MS,28133,28,34369,693.79,49.5,29450
361602,32.722,-90.396,1,Yazoo,MS,28163,28,28149,919.482,30.6,28065
361454,38.375,-87.134,1,Pike,IN,18125,18,12837,336.176,38.2,12845
361095,34.71,-90.532,1,Tunica,MS,28143,28,9227,454.809,20.3,10778
360874,39.581,-86.484,1,Morgan,IN,18109,18,66689,406.47,164.1,68894
360860,30.165,-95.305,1,Montgomery,TX,48339,48,293768,1044.028,281.4,455746
360744,34.597,-92.549,1,Saline,AR,5125,5,83529,723.462,115.5,107118
360624,34.319,-92.541,1,Grant,AR,5053,5,16464,631.777,26.1,17853
359857,37.226,-87.723,1,Hopkins,KY,21107,21,46519,550.558,84.5,46920
359838,37.724,-87.159,1,Daviess,KY,21059,21,91545,462.389,198,96656
359586,38.173,-88.136,1,White,IL,17193,17,15371,494.87,31.1,14665
359343,32.319,-93.627,1,Caddo Parish,LA,22017,22,252161,881.993,285.9,254969
359087,38.442,-87.577,1,Gibson,IN,18051,18,32500,488.784,66.5,33503
359085,38.162,-85.241,1,Shelby,KY,21211,21,33337,384.19,86.8,42074
358858,31.212,-92.213,1,Avoyelles Parish,LA,22009,22,41481,832.437,49.8,42073
358405,37.76,-88.502,1,Saline,IL,17165,17,26733,383.309,69.7,24913
358340,39.545,-86.162,1,Johnson,IN,18081,18,115209,320.193,359.8,139654
358330,38.316,-87.469,1,Gibson,IN,18051,18,32500,488.784,66.5,33503
358309,39.602,-86.755,1,Putnam,IN,18133,18,36019,480.311,75,37963
358161,38.674,-89.503,1,Clinton,IL,17027,17,35535,474.233,74.9,37762
358050,39.451,-86.275,1,Morgan,IN,18109,18,66689,406.47,164.1,68894
358025,32.344,-90.779,1,Warren,MS,28149,28,49644,586.611,84.6,48773
357946,39.787,-86.229,1,Marion,IN,18097,18,860454,396.249,2171.4,903393
357844,39.569,-86.224,1,Johnson,IN,18081,18,115209,320.193,359.8,139654
357783,39.515,-86.153,1,Johnson,IN,18081,18,115209,320.193,359.8,139654
357753,38.518,-88.796,1,Marion,IL,17121,17,41691,572.264,72.8,39437
357636,34.444,-92.775,1,Hot Spring,AR,5059,5,30353,614.933,49.4,32923
357621,39.374,-87.704,1,Clark,IL,17023,17,17008,501.503,33.9,16335
357539,38.2,-86.543,1,Perry,IN,18123,18,18899,381.394,49.5,19338
357460,39.287,-86.74,1,Owen,IN,18119,18,21786,385.178,56.6,21575
357445,37.432,-87.822,1,Webster,KY,21233,21,14120,334.752,42.2,13621
357437,39.876,-86.412,1,Hendricks,IN,18063,18,104093,408.394,254.9,145448
357206,38.813,-87.213,1,Daviess,IN,18027,18,29820,430.658,69.2,31648
356781,34.253,-90.648,1,Coahoma,MS,28027,28,30622,554.152,55.3,26151
356636,39.34,-85.761,1,Bartholomew,IN,18005,18,71435,406.838,175.6,76794
356222,38.175,-86.253,1,Harrison,IN,18061,18,34325,485.217,70.7,39364
356182,39.41,-86.281,1,Morgan,IN,18109,18,66689,406.47,164.1,68894
356076,32.348,-90.103,1,Rankin,MS,28121,28,115327,774.516,148.9,141617
355947,37.139,-86.65,1,Butler,KY,21031,21,13010,428.079,30.4,12690
355765,39.564,-86.391,1,Morgan,IN,18109,18,66689,406.47,164.1,68894
355477,33.274,-89.203,1,Choctaw,MS,28019,28,9758,419.1,23.3,8547
354308,39.875,-86.551,1,Hendricks,IN,18063,18,104093,408.394,254.9,145448
353991,39.691,-85.403,1,Rush,IN,18139,18,18261,408.283,44.7,17392
353550,34.493,-91.568,1,Arkansas,AR,5001,5,20749,988.49,21,19019
353540,32.753,-90.279,1,Yazoo,MS,28163,28,28149,919.482,30.6,28065
353535,30.803,-94.131,1,Jasper,TX,48241,48,35604,937.396,38,35710
353389,37.1,-90.338,1,Wayne,MO,29223,29,13259,761.034,17.4,13521
353379,38.738,-89.603,1,Madison,IL,17119,17,258941,725.018,357.1,269282
353362,39.241,-86.379,1,Monroe,IN,18105,18,120563,394.346,305.7,137974
353330,38.284,-87.328,1,Gibson,IN,18051,18,32500,488.784,66.5,33503
353212,37.805,-87.704,1,Henderson,KY,21101,21,44829,440.124,101.8,46250
353183,38.154,-86.883,1,Spencer,IN,18147,18,20391,398.686,51.1,20952
352934,34.239,-92.398,1,Grant,AR,5053,5,16464,631.777,26.1,17853
352760,38.213,-87.647,1,Gibson,IN,18051,18,32500,488.784,66.5,33503
352742,37.733,-90.895,1,Iron,MO,29093,29,10697,551.339,19.4,10630
352695,38.697,-87.715,1,Lawrence,IL,17101,17,15452,371.984,41.5,16833
352694,34.458,-90.464,1,Coahoma,MS,28027,28,30622,554.152,55.3,26151
352434,39.129,-86.419,1,Monroe,IN,18105,18,120563,394.346,305.7,137974
352078,38.182,-87.478,1,Gibson,IN,18051,18,32500,488.784,66.5,33503
351946,36.867,-88.463,1,Marshall,KY,21157,21,30125,304.885,98.8,31448
351824,32.863,-92.19,1,Union Parish,LA,22111,22,22803,877.602,26,22721
351700,37.109,-89.238,1,Pulaski,IL,17153,17,7348,200.786,36.6,6161
351585,32.735,-90.638,1,Yazoo,MS,28163,28,28149,919.482,30.6,28065
350975,37.845,-87.493,1,Henderson,KY,21101,21,44829,440.124,101.8,46250
350845,33.197,-92.204,1,Union,AR,5139,5,45629,1038.902,43.9,41639
350709,39.195,-87.222,1,Clay,IN,18021,18,26556,357.617,74.3,26890
350662,38.676,-86.45,1,Orange,IN,18117,18,19306,399.521,48.3,19840
350151,38.679,-86.744,1,Martin,IN,18101,18,10369,336.136,30.8,10334
350109,37.628,-86.586,1,Breckinridge,KY,21027,21,18648,572.41,32.6,20059
350105,38.15,-89.475,1,Perry,IL,17145,17,23094,440.961,52.4,22350
299859,30.878,-90.301,1,Washington Parish,LA,22117,22,43926,669.569,65.6,47168
299431,30.209,-95.367,1,Montgomery,TX,48339,48,293768,1044.028,281.4,455746
299276,29.483,-90.881,1,Terrebonne Parish,LA,22109,22,104503,1254.93,83.3,111860
298604,30.296,-91.843,1,Saint Martin Parish,LA,22099,22,48583,739.853,65.7,52160
298454,30.341,-90.483,1,Livingston Parish,LA,22063,22,91814,648.022,141.7,128026
298403,30.167,-94.169,1,Jefferson,TX,48245,48,252051,903.545,278.9,252273
298085,30.463,-91.561,1,Iberville Parish,LA,22047,22,33320,618.641,53.9,33387
297359,30.527,-90.26,1,Tangipahoa Parish,LA,22105,22,100588,790.245,127.3,121097
297012,31.706,-92.777,1,Grant Parish,LA,22043,22,18698,645.114,29,22309
296917,30.544,-94.814,1,Polk,TX,48373,48,41133,1057.262,38.9,45413
296650,30.512,-93.736,1,Newton,TX,48351,48,15072,932.691,16.2,14445
296529,29.889,-90.557,1,Lafourche Parish,LA,22057,22,89974,1084.679,82.9,96318
296067,29.443,-90.561,1,Terrebonne Parish,LA,22109,22,104503,1254.93,83.3,111860
295965,30.778,-90.252,1,Washington Parish,LA,22117,22,43926,669.569,65.6,47168
295933,31.296,-92.38,1,Rapides Parish,LA,22079,22,126337,1322.541,95.5,131613
295525,30.445,-93.287,1,Beauregard Parish,LA,22011,22,32986,1160.092,28.4,35654
295454,29.184,-90.755,1,Terrebonne Parish,LA,22109,22,104503,1254.93,83.3,111860
295044,29.398,-89.634,1,Plaquemines Parish,LA,22075,22,26757,844.559,31.7,23042
295038,30.791,-91.422,1,West Feliciana Parish,LA,22125,22,15111,406.005,37.2,15625
294914,30.29,-90.745,1,Livingston Parish,LA,22063,22,91814,648.022,141.7,128026
294905,31.701,-89.729,1,Covington,MS,28031,28,19407,413.79,46.9,19568
294876,30.311,-92.534,1,Acadia Parish,LA,22001,22,58861,655.283,89.8,61773
294851,30.132,-93.844,1,Orange,TX,48361,48,84966,356.404,238.4,81837
294787,29.432,-90.618,1,Terrebonne Parish,LA,22109,22,104503,1254.93,83.3,111860
294658,30.225,-91.694,1,Saint Martin Parish,LA,22099,22,48583,739.853,65.7,52160
294642,31.704,-90.563,1,Copiah,MS,28029,28,28757,776.602,37,29449
294595,30.106,-91.298,1,Iberville Parish,LA,22047,22,33320,618.641,53.9,33387
294409,31.224,-92.737,1,Rapides Parish,LA,22079,22,126337,1322.541,95.5,131613
293981,30.345,-91.4,1,Iberville Parish,LA,22047,22,33320,618.641,53.9,33387
293616,32.269,-90.328,1,Hinds,MS,28049,28,250800,869.185,288.5,245285
293551,29.131,-90.885,1,Terrebonne Parish,LA,22109,22,104503,1254.93,83.3,111860
293426,32.585,-90.697,1,Warren,MS,28149,28,49644,586.611,84.6,48773
293328,30.735,-93.661,1,Newton,TX,48351,48,15072,932.691,16.2,14445
292752,31.121,-89.649,1,Lamar,MS,28073,28,39070,497.067,78.6,55658
292732,31.185,-92.353,1,Rapides Parish,LA,22079,22,126337,1322.541,95.5,131613
292700,30.465,-92.846,1,Allen Parish,LA,22003,22,25440,764.498,33.3,25764
292639,30.311,-91.296,1,Iberville Parish,LA,22047,22,33320,618.641,53.9,33387
292249,30.576,-90.728,1,Livingston Parish,LA,22063,22,91814,648.022,141.7,128026
291127,30.461,-93.153,1,Beauregard Parish,LA,22011,22,32986,1160.092,28.4,35654
291069,31.381,-89.286,1,Forrest,MS,28035,28,72604,466.577,155.6,74934
290878,29.231,-90.805,1,Terrebonne Parish,LA,22109,22,104503,1254.93,83.3,111860
290826,30.22,-90.55,1,Livingston Parish,LA,22063,22,91814,648.022,141.7,128026
290617,30.25,-91.225,1,Iberville Parish,LA,22047,22,33320,618.641,53.9,33387
290616,30.463,-91.587,1,Iberville Parish,LA,22047,22,33320,618.641,53.9,33387
290522,30.407,-91.692,1,Saint Martin Parish,LA,22099,22,48583,739.853,65.7,52160
290447,30.592,-89.175,1,Harrison,MS,28047,28,189601,580.981,326.3,187105
290406,30.479,-93.347,1,Beauregard Parish,LA,22011,22,32986,1160.092,28.4,35654
290213,30.351,-95.54,1,Montgomery,TX,48339,48,293768,1044.028,281.4,455746
289775,30.743,-93.757,1,Newton,TX,48351,48,15072,932.691,16.2,14445
289761,30.293,-93.691,1,Calcasieu Parish,LA,22019,22,183577,1071.117,171.4,192768
288695,30.716,-93.262,1,Beauregard Parish,LA,22011,22,32986,1160.092,28.4,35654
288495,30.324,-90.495,1,Livingston Parish,LA,22063,22,91814,648.022,141.7,128026
288473,30.685,-92.299,1,Evangeline Parish,LA,22039,22,35434,664.272,53.3,33984
287637,29.618,-90.532,1,Lafourche Parish,LA,22057,22,89974,1084.679,82.9,96318
287107,30.555,-90.113,1,Saint Tammany Parish,LA,22103,22,191268,854.152,223.9,233740
286580,30.128,-93.513,1,Calcasieu Parish,LA,22019,22,183577,1071.117,171.4,192768
286481,31.27,-89.493,1,Lamar,MS,28073,28,39070,497.067,78.6,55658
286160,30.73,-92.516,1,Evangeline Parish,LA,22039,22,35434,664.272,53.3,33984
285814,30.571,-91.266,1,West Baton Rouge Parish,LA,22121,22,21601,191.203,113,23788
285560,30.258,-89.867,1,Saint Tammany Parish,LA,22103,22,191268,854.152,223.9,233740
285029,30.432,-92.325,1,Acadia Parish,LA,22001,22,58861,655.283,89.8,61773
284906,30.363,-90.382,1,Tangipahoa Parish,LA,22105,22,100588,790.245,127.3,121097
284877,30.318,-91.766,1,Saint Martin Parish,LA,22099,22,48583,739.853,65.7,52160
284778,30.502,-93.249,1,Beauregard Parish,LA,22011,22,32986,1160.092,28.4,35654
284669,30.405,-91.814,1,Saint Landry Parish,LA,22097,22,87700,928.65,94.4,83384
284574,30.785,-91.4,1,West Feliciana Parish,LA,22125,22,15111,406.005,37.2,15625
284550,30.792,-91.592,1,Pointe Coupee Parish,LA,22077,22,22763,557.343,40.8,22802
284401,29.728,-90.641,1,Lafourche Parish,LA,22057,22,89974,1084.679,82.9,96318
284217,30.734,-89.251,1,Stone,MS,28131,28,13622,445.366,30.6,17786
284145,30.148,-91.392,1,Iberville Parish,LA,22047,22,33320,618.641,53.9,33387
284103,31.356,-88.836,1,Greene,MS,28041,28,13299,712.819,18.7,14400
283752,30.748,-91.208,1,East Feliciana Parish,LA,22037,22,21360,453.402,47.1,20267
283722,30.566,-95.234,1,San Jacinto,TX,48407,48,22246,570.655,39,26384
283553,30.103,-92.839,1,Jefferson Davis Parish,LA,22053,22,31435,652.311,48.2,31594
283483,30.773,-91.318,1,West Feliciana Parish,LA,22125,22,15111,406.005,37.2,15625
283335,30.335,-90.651,1,Livingston Parish,LA,22063,22,91814,648.022,141.7,128026
283288,32.677,-90.504,1,Yazoo,MS,28163,28,28149,919.482,30.6,28065
283210,30.387,-91.211,1,East Baton Rouge Parish,LA,22033,22,412852,455.428,906.5,440171
282828,30.665,-91.725,1,Pointe Coupee Parish,LA,22077,22,22763,557.343,40.8,22802
282685,31.586,-91.461,1,Concordia Parish,LA,22029,22,20247,695.91,29.1,20822
282048,30.567,-92.687,1,Allen Parish,LA,22003,22,25440,764.498,33.3,25764
281986,30.524,-94.769,1,Polk,TX,48373,48,41133,1057.262,38.9,45413
281973,29.577,-91.871,1,Iberia Parish,LA,22045,22,73266,575.13,127.4,73240
281945,29.793,-91.715,1,Saint Mary Parish,LA,22101,22,53500,612.795,87.3,54650
281722,30.832,-95.12,1,Polk,TX,48373,48,41133,1057.262,38.9,45413
281087,30.856,-93.206,1,Beauregard Parish,LA,22011,22,32986,1160.092,28.4,35654
281051,29.777,-89.434,1,Saint Bernard Parish,LA,22087,22,67229,465.04,144.6,35897
280996,30.24,-91.381,1,Iberville Parish,LA,22047,22,33320,618.641,53.9,33387
280862,29.329,-90.325,1,Lafourche Parish,LA,22057,22,89974,1084.679,82.9,96318
280688,30.686,-93.834,1,Newton,TX,48351,48,15072,932.691,16.2,14445
280624,31.817,-88.73,1,Wayne,MS,28153,28,21216,810.324,26.2,20747
280566,30.638,-90.627,1,Livingston Parish,LA,22063,22,91814,648.022,141.7,128026
280329,29.875,-93.793,1,Cameron Parish,LA,22023,22,9991,1312.965,7.6,6839
280206,30.189,-95.875,1,Waller,TX,48473,48,32663,513.628,63.6,43205
279718,31.508,-91.677,1,Concordia Parish,LA,22029,22,20247,695.91,29.1,20822
279686,30.238,-95.158,1,Montgomery,TX,48339,48,293768,1044.028,281.4,455746
279443,29.47,-90.304,1,Lafourche Parish,LA,22057,22,89974,1084.679,82.9,96318
279350,30.747,-93.151,1,Beauregard Parish,LA,22011,22,32986,1160.092,28.4,35654
279093,29.546,-90.718,1,Terrebonne Parish,LA,22109,22,104503,1254.93,83.3,111860
278957,32.516,-90.859,1,Warren,MS,28149,28,49644,586.611,84.6,48773
278923,30.594,-95.808,1,Montgomery,TX,48339,48,293768,1044.028,281.4,455746
278667,31.18,-89.649,1,Lamar,MS,28073,28,39070,497.067,78.6,55658
278587,30.244,-91.271,1,Iberville Parish,LA,22047,22,33320,618.641,53.9,33387
278569,30.231,-89.833,1,Saint Tammany Parish,LA,22103,22,191268,854.152,223.9,233740
278505,29.755,-90.786,1,Lafourche Parish,LA,22057,22,89974,1084.679,82.9,96318
278451,30.128,-92.454,1,Acadia Parish,LA,22001,22,58861,655.283,89.8,61773
277173,30.346,-91.113,1,East Baton Rouge Parish,LA,22033,22,412852,455.428,906.5,440171
277138,30.161,-91.575,1,Saint Martin Parish,LA,22099,22,48583,739.853,65.7,52160
276940,29.661,-94.145,1,Jefferson,TX,48245,48,252051,903.545,278.9,252273
275790,30.728,-91.314,1,West Feliciana Parish,LA,22125,22,15111,406.005,37.2,15625
275553,30.512,-94.676,1,Polk,TX,48373,48,41133,1057.262,38.9,45413
275546,29.793,-90.74,1,Lafourche Parish,LA,22057,22,89974,1084.679,82.9,96318
275496,29.294,-90.893,1,Terrebonne Parish,LA,22109,22,104503,1254.93,83.3,111860
275345,31.725,-89.63,1,Covington,MS,28031,28,19407,413.79,46.9,19568
275308,30.834,-94.494,1,Tyler,TX,48457,48,20871,922.903,22.6,21766
275104,30.286,-90.667,1,Livingston Parish,LA,22063,22,91814,648.022,141.7,128026
274925,30.658,-90.441,1,Tangipahoa Parish,LA,22105,22,100588,790.245,127.3,121097
274567,30.479,-89.13,1,Harrison,MS,28047,28,189601,580.981,326.3,187105
274559,29.583,-90.777,1,Terrebonne Parish,LA,22109,22,104503,1254.93,83.3,111860
274305,30.331,-92.407,1,Acadia Parish,LA,22001,22,58861,655.283,89.8,61773
274023,29.546,-90.378,1,Lafourche Parish,LA,22057,22,89974,1084.679,82.9,96318
273884,30.86,-91.131,1,East Feliciana Parish,LA,22037,22,21360,453.402,47.1,20267
273828,30.287,-92.845,1,Jefferson Davis Parish,LA,22053,22,31435,652.311,48.2,31594
273448,30.856,-92.552,1,Evangeline Parish,LA,22039,22,35434,664.272,53.3,33984
273338,32.447,-90.148,1,Madison,MS,28089,28,74674,717.111,104.1,95203
273280,30.607,-93.542,1,Beauregard Parish,LA,22011,22,32986,1160.092,28.4,35654
273191,30.409,-91.871,1,Saint Martin Parish,LA,22099,22,48583,739.853,65.7,52160
273038,30.759,-92.648,1,Allen Parish,LA,22003,22,25440,764.498,33.3,25764
272887,30.849,-91.267,1,West Feliciana Parish,LA,22125,22,15111,406.005,37.2,15625
272879,30.109,-91.227,1,Iberville Parish,LA,22047,22,33320,618.641,53.9,33387
272008,32.453,-89.113,1,Newton,MS,28101,28,21838,578.033,37.8,21720
271394,29.867,-90.506,1,Saint Charles Parish,LA,22089,22,48072,283.641,169.5,52780
271026,30.493,-92.518,1,Evangeline Parish,LA,22039,22,35434,664.272,53.3,33984
270967,30.53,-90.351,1,Tangipahoa Parish,LA,22105,22,100588,790.245,127.3,121097
270799,30.208,-93.586,1,Calcasieu Parish,LA,22019,22,183577,1071.117,171.4,192768
270254,30.317,-91.449,1,Iberville Parish,LA,22047,22,33320,618.641,53.9,33387
269695,30.43,-89.676,1,Hancock,MS,28045,28,42967,476.877,90.1,43929
269616,30.254,-91.409,1,Iberville Parish,LA,22047,22,33320,618.641,53.9,33387
269596,32.824,-89.84,1,Madison,MS,28089,28,74674,717.111,104.1,95203
269577,30.719,-91.273,1,East Feliciana Parish,LA,22037,22,21360,453.402,47.1,20267
269227,29.895,-90.627,1,Saint John The Baptist Parish,LA,22095,22,43044,218.895,196.6,45924
269198,30.546,-93.56,1,Beauregard Parish,LA,22011,22,32986,1160.092,28.4,35654
268016,29.493,-90.794,1,Terrebonne Parish,LA,22109,22,104503,1254.93,83.3,111860
267329,30.436,-90.764,1,Livingston Parish,LA,22063,22,91814,648.022,141.7,128026
266990,29.397,-90.729,1,Terrebonne Parish,LA,22109,22,104503,1254.93,83.3,111860
266202,30.138,-95.271,1,Montgomery,TX,48339,48,293768,1044.028,281.4,455746
265983,30.88,-91.364,1,West Feliciana Parish,LA,22125,22,15111,406.005,37.2,15625
265465,30.256,-93.694,1,Calcasieu Parish,LA,22019,22,183577,1071.117,171.4,192768
265189,32.624,-91.119,1,Issaquena,MS,28055,28,2274,413.063,5.5,1406
264910,30.108,-91.318,1,Iberville Parish,LA,22047,22,33320,618.641,53.9,33387
264860,30.188,-94.257,1,Hardin,TX,48199,48,48073,894.333,53.7,54635
264576,32.464,-90.764,1,Warren,MS,28149,28,49644,586.611,84.6,48773
264418,32.67,-90.324,1,Yazoo,MS,28163,28,28149,919.482,30.6,28065
264299,30.163,-92.544,1,Acadia Parish,LA,22001,22,58861,655.283,89.8,61773
264263,30.145,-91.432,1,Iberville Parish,LA,22047,22,33320,618.641,53.9,33387
264093,29.898,-90.459,1,Saint Charles Parish,LA,22089,22,48072,283.641,169.5,52780
264044,30.346,-91.458,1,Iberville Parish,LA,22047,22,33320,618.641,53.9,33387
263626,30.292,-93.48,1,Calcasieu Parish,LA,22019,22,183577,1071.117,171.4,192768
263469,30.314,-94.708,1,Liberty,TX,48291,48,70154,1159.678,60.5,75643
263320,30.647,-91.53,1,Pointe Coupee Parish,LA,22077,22,22763,557.343,40.8,22802
263228,30.508,-93.698,1,Beauregard Parish,LA,22011,22,32986,1160.092,28.4,35654
262919,29.311,-90.535,1,Terrebonne Parish,LA,22109,22,104503,1254.93,83.3,111860
262802,30.425,-91.848,1,Saint Landry Parish,LA,22097,22,87700,928.65,94.4,83384
262606,32.389,-90.39,1,Hinds,MS,28049,28,250800,869.185,288.5,245285
262343,30.379,-94.191,1,Hardin,TX,48199,48,48073,894.333,53.7,54635
262224,30.281,-90.821,1,Ascension Parish,LA,22005,22,76627,291.529,262.8,107215
262119,30.733,-92.297,1,Evangeline Parish,LA,22039,22,35434,664.272,53.3,33984
261916,29.735,-90.869,1,Terrebonne Parish,LA,22109,22,104503,1254.93,83.3,111860
261772,30.461,-91.602,1,Iberville Parish,LA,22047,22,33320,618.641,53.9,33387
261755,29.785,-93.454,1,Cameron Parish,LA,22023,22,9991,1312.965,7.6,6839
261453,31.117,-89.155,1,Forrest,MS,28035,28,72604,466.577,155.6,74934
261350,30.61,-91.116,1,East Baton Rouge Parish,LA,22033,22,412852,455.428,906.5,440171
261239,29.511,-90.873,1,Terrebonne Parish,LA,22109,22,104503,1254.93,83.3,111860
261010,30.811,-93.471,1,Beauregard Parish,LA,22011,22,32986,1160.092,28.4,35654
260967,30.717,-91.149,1,East Feliciana Parish,LA,22037,22,21360,453.402,47.1,20267
260163,30.563,-91.218,1,East Baton Rouge Parish,LA,22033,22,412852,455.428,906.5,440171
260101,30.815,-91.379,1,West Feliciana Parish,LA,22125,22,15111,406.005,37.2,15625
260097,30.201,-93.875,1,Orange,TX,48361,48,84966,356.404,238.4,81837
259376,31.413,-89.479,1,Lamar,MS,28073,28,39070,497.067,78.6,55658
259267,29.587,-90.889,1,Terrebonne Parish,LA,22109,22,104503,1254.93,83.3,111860
258895,30.101,-95.489,1,Harris,TX,48201,48,3400578,1728.825,1966.9,4092459
258762,30.802,-90.201,1,Washington Parish,LA,22117,22,43926,669.569,65.6,47168
258748,30.759,-92.453,1,Evangeline Parish,LA,22039,22,35434,664.272,53.3,33984
258582,30.641,-91.789,1,Saint Landry Parish,LA,22097,22,87700,928.65,94.4,83384
258239,31.838,-92.66,1,Winn Parish,LA,22127,22,16894,950.486,17.8,15313
257780,30.476,-90.789,1,Livingston Parish,LA,22063,22,91814,648.022,141.7,128026
257685,31.381,-89.102,1,Perry,MS,28111,28,12138,647.177,18.8,12250
257635,29.301,-90.452,1,Terrebonne Parish,LA,22109,22,104503,1254.93,83.3,111860
257571,29.401,-90.561,1,Terrebonne Parish,LA,22109,22,104503,1254.93,83.3,111860
257133,30.613,-92.275,1,Evangeline Parish,LA,22039,22,35434,664.272,53.3,33984
256862,29.33,-90.647,1,Terrebonne Parish,LA,22109,22,104503,1254.93,83.3,111860
256793,31.122,-93.131,1,Vernon Parish,LA,22115,22,52531,1328.413,39.5,52334
256767,30.315,-90.291,1,Tangipahoa Parish,LA,22105,22,100588,790.245,127.3,121097
256519,30.324,-90.501,1,Livingston Parish,LA,22063,22,91814,648.022,141.7,128026
255994,30.612,-89.151,1,Harrison,MS,28047,28,189601,580.981,326.3,187105
255866,30.217,-91.424,1,Iberville Parish,LA,22047,22,33320,618.641,53.9,33387
255797,30.74,-93.354,1,Beauregard Parish,LA,22011,22,32986,1160.092,28.4,35654
255721,31.305,-89.706,1,Marion,MS,28091,28,25595,542.343,47.2,27088
255663,31.337,-88.169,1,Washington,AL,1129,1,18097,1080.657,16.7,17581
255550,29.281,-90.442,1,Terrebonne Parish,LA,22109,22,104503,1254.93,83.3,111860
255545,30.422,-95.73,1,Montgomery,TX,48339,48,293768,1044.028,281.4,455746
255468,30.212,-93.274,1,Calcasieu Parish,LA,22019,22,183577,1071.117,171.4,192768
255158,30.474,-95.313,1,San Jacinto,TX,48407,48,22246,570.655,39,26384
254177,29.671,-89.575,1,Saint Bernard Parish,LA,22087,22,67229,465.04,144.6,35897
254127,29.62,-90.644,1,Lafourche Parish,LA,22057,22,89974,1084.679,82.9,96318
254079,30.149,-90.664,1,Saint James Parish,LA,22093,22,21216,246.132,86.2,22102
254059,31.622,-91.716,1,Concordia Parish,LA,22029,22,20247,695.91,29.1,20822
253951,29.297,-89.532,1,Plaquemines Parish,LA,22075,22,26757,844.559,31.7,23042
253536,32.781,-90.439,1,Yazoo,MS,28163,28,28149,919.482,30.6,28065
253218,30.141,-93.129,1,Calcasieu Parish,LA,22019,22,183577,1071.117,171.4,192768
253115,30.407,-92.567,1,Acadia Parish,LA,22001,22,58861,655.283,89.8,61773
253000,30.526,-92.676,1,Allen Parish,LA,22003,22,25440,764.498,33.3,25764
252983,30.879,-90.731,1,Saint Helena Parish,LA,22091,22,10525,408.362,25.8,11203
252949,30.886,-93.579,1,Newton,TX,48351,48,15072,932.691,16.2,14445
252376,30.877,-90.147,1,Washington Parish,LA,22117,22,43926,669.569,65.6,47168
252163,31.638,-90.517,1,Lincoln,MS,28085,28,33166,585.705,56.6,34869
251333,29.32,-90.889,1,Terrebonne Parish,LA,22109,22,104503,1254.93,83.3,111860
251294,30.425,-90.739,1,Livingston Parish,LA,22063,22,91814,648.022,141.7,128026
250727,30.73,-91.401,1,Pointe Coupee Parish,LA,22077,22,22763,557.343,40.8,22802
250714,31.874,-93.206,1,Natchitoches Parish,LA,22069,22,39080,1255.447,31.1,39566
250512,29.579,-90.237,1,Lafourche Parish,LA,22057,22,89974,1084.679,82.9,96318
250056,31.372,-90.631,1,Lincoln,MS,28085,28,33166,585.705,56.6,34869
250050,30.471,-89.898,1,Saint Tammany Parish,LA,22103,22,191268,854.152,223.9,233740
